Workbook

Sheet V1
A1: Session: untitled
A2: Training Data: Excel_MultiModal_Dataset1 Observations: 10820
A3: Predictors: 10 Predictor Names: body_temperature, sleep_quality, muscle_activity, step_count, ground_reaction_force, altitude, training_load, fatigue_index, sport_type, age
A4: Response Name: injury_occurred Response Classes: 2 Response Class Names: 0, 1
A5: Validation: 5-fold cross-validation
A6: Test Data: Excel_MultiModal_Dataset1 Observations: 1909
A9: Favorite | B9: Model Number | C9: Status | D9: Model Type | E9: Accuracy % (Validation) | F9: Total Cost (Validation) | G9: Error Rate % (Validation) | H9: Macro Precision % (Validation) | I9: Micro Precision % (Validation) | J9: Weighted Precision % (Validation) | K9: Macro Recall % (Validation) | L9: Micro Recall % (Validation) | M9: Weighted Recall % (Validation) | N9: Macro F1 Score % (Validation) | O9: Micro F1 Score % (Validation) | P9: Weighted F1 Score % (Validation) | Q9: Accuracy % (Test) | R9: Total Cost (Test) | S9: Error Rate % (Test) | T9: Macro Precision % (Test) | U9: Micro Precision % (Test) | V9: Weighted Precision % (Test) | W9: Macro Recall % (Test) | X9: Micro Recall % (Test) | Y9: Weighted Recall % (Test) | Z9: Macro F1 Score % (Test) | AA9: Micro F1 Score % (Test) | AB9: Weighted F1 Score % (Test) | AC9: Prediction Speed (obs/sec) | AD9: Training Time (sec) | AE9: Compact Model Size (bytes) | AF9: Coder Model Size (bytes) | AG9: Hyperparameters | AH9: Selected Features | AI9: Feature Ranking Algorithm | AJ9: PCA | AK9: Costs | AL9: Optimizer Options
A10: 0 | B10: 2.1 | C10: Tested | D10: Tree | E10: 85.101664 | F10: 1612 | G10: 14.898336 | H10: 68.839286 | I10: 85.101664 | J10: 82.065091 | K10: 59.467304 | L10: 85.101664 | M10: 85.101664 | N10: 61.552529 | O10: 85.101664 | P10: 82.67667 | Q10: 85.070718 | R10: 285 | S10: 14.929282 | T10: 68.674643 | U10: 85.070718 | V10: 82.056953 | W10: 59.55818 | X10: 85.070718 | Y10: 85.070718 | Z10: 61.637394 | AA10: 85.070718 | AB10: 82.699115 | AC10: 646510.52 | AD10: 3.436916 | AE10: 31503 | AF10: 21654 | AG10: Maximum number of splits: 100; Split criterion: Gini's diversity index; Surrogate decision splits: Off | AH10: 46305 | AI10: None | AJ10: Disabled | AK10: Default | AL10: Not applicable
A11: 0 | B11: 2.1 | C11: Tested | D11: SVM | E11: 85.101664 | F11: 1612 | G11: 14.898336 | H11: NaN | I11: 85.101664 | J11: NaN | K11: 50 | L11: 85.101664 | M11: 85.101664 | N11: 45.975634 | O11: 85.101664 | P11: 78.252059 | Q11: 85.123101 | R11: 284 | S11: 14.876899 | T11: NaN | U11: 85.123101 | V11: NaN | W11: 50 | X11: 85.123101 | Y11: 85.123101 | Z11: 45.98189 | AA11: 85.123101 | AB11: 78.282422 | AC11: 13464.075 | AD11: 66.544574 | AE11: 510603 | AF11: 508610 | AG11: Kernel function: Quadratic; Kernel scale: Automatic; Box constraint level: 1; Multiclass coding: One-vs-One; Standardize data: Yes | AH11: 46305 | AI11: None | AJ11: Disabled | AK11: Default | AL11: Not applicable
A12: 0 | B12: 2.11 | C12: Tested | D12: SVM | E12: 85.536044 | F12: 1565 | G12: 14.463956 | H12: 75.496726 | I12: 85.536044 | J12: 82.752545 | K12: 52.839531 | L12: 85.536044 | M12: 85.536044 | N12: 51.7784 | O12: 85.536044 | P12: 80.103051 | Q12: 85.646936 | R12: 274 | S12: 14.353064 | T12: 76.30832 | U12: 85.646936 | V12: 83.081215 | W12: 53.213434 | X12: 85.646936 | Y12: 85.646936 | Z12: 52.459609 | AA12: 85.646936 | AB12: 80.361932 | AC12: 273598.5 | AD12: 583.3004 | AE12: 445203 | AF12: 443210 | AG12: Kernel function: Cubic; Kernel scale: Automatic; Box constraint level: 1; Multiclass coding: One-vs-One; Standardize data: Yes | AH12: 46305 | AI12: None | AJ12: Disabled | AK12: Default | AL12: Not applicable
A13: 0 | B13: 2.12 | C13: Tested | D13: SVM | E13: 85.101664 | F13: 1612 | G13: 14.898336 | H13: NaN | I13: 85.101664 | J13: NaN | K13: 50 | L13: 85.101664 | M13: 85.101664 | N13: 45.975634 | O13: 85.101664 | P13: 78.252059 | Q13: 85.123101 | R13: 284 | S13: 14.876899 | T13: NaN | U13: 85.123101 | V13: NaN | W13: 50 | X13: 85.123101 | Y13: 85.123101 | Z13: 45.98189 | AA13: 85.123101 | AB13: 78.282422 | AC13: 4724.5195 | AD13: 44.586241 | AE13: 1298639 | AF13: 1296650 | AG13: Kernel function: Gaussian; Kernel scale: 0.79; Box constraint level: 1; Multiclass coding: One-vs-One; Standardize data: Yes | AH13: 46305 | AI13: None | AJ13: Disabled | AK13: Default | AL13: Not applicable
A14: 0 | B14: 2.13 | C14: Tested | D14: SVM | E14: 85.38817 | F14: 1581 | G14: 14.61183 | H14: 75.93645 | I14: 85.38817 | J14: 82.690473 | K14: 51.780332 | L14: 85.38817 | M14: 85.38817 | N14: 49.7249 | O14: 85.38817 | P14: 79.451466 | Q14: 85.437402 | R14: 278 | S14: 14.562598 | T14: 73.652927 | U14: 85.437402 | V14: 82.162879 | W14: 52.509209 | X14: 85.437402 | Y14: 85.437402 | Z14: 51.198919 | AA14: 85.437402 | AB14: 79.912994 | AC14: 7379.6661 | AD14: 39.690313 | AE14: 492959 | AF14: 490970 | AG14: Kernel function: Gaussian; Kernel scale: 3.2; Box constraint level: 1; Multiclass coding: One-vs-One; Standardize data: Yes | AH14: 46305 | AI14: None | AJ14: Disabled | AK14: Default | AL14: Not applicable
A15: 0 | B15: 2.14 | C15: Tested | D15: SVM | E15: 85.101664 | F15: 1612 | G15: 14.898336 | H15: NaN | I15: 85.101664 | J15: NaN | K15: 50 | L15: 85.101664 | M15: 85.101664 | N15: 45.975634 | O15: 85.101664 | P15: 78.252059 | Q15: 85.123101 | R15: 284 | S15: 14.876899 | T15: NaN | U15: 85.123101 | V15: NaN | W15: 50 | X15: 85.123101 | Y15: 85.123101 | Z15: 45.98189 | AA15: 85.123101 | AB15: 78.282422 | AC15: 7552.7646 | AD15: 34.58756 | AE15: 451079 | AF15: 449090 | AG15: Kernel function: Gaussian; Kernel scale: 13; Box constraint level: 1; Multiclass coding: One-vs-One; Standardize data: Yes | AH15: 46305 | AI15: None | AJ15: Disabled | AK15: Default | AL15: Not applicable
A16: 0 | B16: 2.15 | C16: Tested | D16: Ensemble | E16: 86.090573 | F16: 1505 | G16: 13.909427 | H16: 74.98137 | I16: 86.090573 | J16: 83.424987 | K16: 57.233717 | L16: 86.090573 | M16: 86.090573 | N16: 59.003156 | O16: 86.090573 | P16: 82.397814 | Q16: 86.380304 | R16: 260 | S16: 13.619696 | T16: 77.870935 | U16: 86.380304 | V16: 84.278045 | W16: 57.131094 | X16: 86.380304 | Y16: 86.380304 | Z16: 58.89728 | AA16: 86.380304 | AB16: 82.506976 | AC16: 26964.119 | AD16: 15.428371 | AE16: 311092 | AF16: 138569 | AG16: Ensemble method: AdaBoost; Learner type: Decision tree; Maximum number of splits: 20; Number of learners: 30; Learning rate: 0.1; Number of predictors to sample: Select All | AH16: 46305 | AI16: None | AJ16: Disabled | AK16: Default | AL16: Not applicable
A17: 0 | B17: 2.16 | C17: Tested | D17: Ensemble | E17: 85.720887 | F17: 1545 | G17: 14.279113 | H17: 71.618927 | I17: 85.720887 | J17: 82.69175 | K17: 58.551753 | L17: 85.720887 | M17: 85.720887 | N17: 60.674607 | O17: 85.720887 | P17: 82.707212 | Q17: 85.751702 | R17: 272 | S17: 14.248298 | T17: 71.451238 | U17: 85.751702 | V17: 82.886493 | W17: 59.667606 | X17: 85.751702 | Y17: 85.751702 | Z17: 62.021065 | AA17: 85.751702 | AB17: 83.109723 | AC17: 15918.998 | AD17: 29.764373 | AE17: 6806304 | AF17: 4919309 | AG17: Ensemble method: Bag; Learner type: Decision tree; Maximum number of splits: 10819; Number of learners: 30; Number of predictors to sample: Select All | AH17: 46305 | AI17: None | AJ17: Disabled | AK17: Default | AL17: Not applicable
A18: 0 | B18: 2.17 | C18: Tested | D18: Ensemble | E18: 71.367837 | F18: 3098 | G18: 28.632163 | H18: 62.480446 | I18: 71.367837 | J18: 84.658049 | K18: 72.661288 | L18: 71.367837 | M18: 71.367837 | N18: 62.23909 | O18: 71.367837 | P18: 75.273294 | Q18: 69.722368 | R18: 578 | S18: 30.277632 | T18: 62.262972 | U18: 69.722368 | V18: 84.945625 | W18: 72.91701 | X18: 69.722368 | Y18: 69.722368 | Z18: 61.289573 | AA18: 69.722368 | AB18: 73.981355 | AC18: 32026.237 | AD18: 13.692485 | AE18: 294824 | AF18: 115517 | AG18: Ensemble method: RUSBoost; Learner type: Decision tree; Maximum number of splits: 20; Number of learners: 30; Learning rate: 0.1; Number of predictors to sample: Select All | AH18: 46305 | AI18: None | AJ18: Disabled | AK18: Default | AL18: Not applicable
A19: 0 | B19: 2.18 | C19: Tested | D19: Neural Network | E19: 85.443623 | F19: 1575 | G19: 14.556377 | H19: 70.477262 | I19: 85.443623 | J19: 81.92124 | K19: 56.341866 | L19: 85.443623 | M19: 85.443623 | N19: 57.657898 | O19: 85.443623 | P19: 81.737803 | Q19: 85.280251 | R19: 281 | S19: 14.719749 | T19: 69.304491 | U19: 85.280251 | V19: 81.595653 | W19: 56.339653 | X19: 85.280251 | Y19: 85.280251 | Z19: 57.645338 | AA19: 85.280251 | AB19: 81.678035 | AC19: 55981.54 | AD19: 37.813289 | AE19: 8084 | AF19: 5630 | AG19: Number of fully connected layers: 1; First layer size: 10; Activation: ReLU; Iteration limit: 1000; Regularization strength (Lambda): 0; Standardize data: Yes | AH19: 46305 | AI19: None | AJ19: Disabled | AK19: Default | AL19: Not applicable
A20: 0 | B20: 2.19 | C20: Tested | D20: Neural Network | E20: 84.787431 | F20: 1646 | G20: 15.212569 | H20: 67.242602 | I20: 84.787431 | J20: 81.212258 | K20: 57.568333 | L20: 84.787431 | M20: 84.787431 | N20: 59.209813 | O20: 84.787431 | P20: 81.885768 | Q20: 84.337349 | R20: 299 | S20: 15.662651 | T20: 64.891554 | U20: 84.337349 | V20: 80.276104 | W20: 56.221668 | X20: 84.337349 | Y20: 84.337349 | Z20: 57.40229 | AA20: 84.337349 | AB20: 81.1967 | AC20: 422970.17 | AD20: 63.722263 | AE20: 10004 | AF20: 7550 | AG20: Number of fully connected layers: 1; First layer size: 25; Activation: ReLU; Iteration limit: 1000; Regularization strength (Lambda): 0; Standardize data: Yes | AH20: 46305 | AI20: None | AJ20: Disabled | AK20: Default | AL20: Not applicable
A21: 0 | B21: 2.2 | C21: Tested | D21: Tree | E21: 85.711645 | F21: 1546 | G21: 14.288355 | H21: 72.151026 | I21: 85.711645 | J21: 82.530557 | K21: 56.934322 | L21: 85.711645 | M21: 85.711645 | N21: 58.527822 | O21: 85.711645 | P21: 82.099548 | Q21: 85.751702 | R21: 272 | S21: 14.248298 | T21: 72.319666 | U21: 85.751702 | V21: 82.594829 | W21: 56.907151 | X21: 85.751702 | Y21: 85.751702 | Z21: 58.495754 | AA21: 85.751702 | AB21: 82.122274 | AC21: 718364.1 | AD21: 2.592996 | AE21: 9683 | AF21: 5114 | AG21: Maximum number of splits: 20; Split criterion: Gini's diversity index; Surrogate decision splits: Off | AH21: 46305 | AI21: None | AJ21: Disabled | AK21: Default | AL21: Not applicable
A22: 0 | B22: 2.2 | C22: Tested | D22: Neural Network | E22: 79.537893 | F22: 2214 | G22: 20.462107 | H22: 58.762136 | I22: 79.537893 | J22: 78.963448 | K22: 58.27098 | L22: 79.537893 | M22: 79.537893 | N22: 58.497653 | O22: 79.537893 | P22: 79.242936 | Q22: 79.93714 | R22: 383 | S22: 20.06286 | T22: 58.557815 | U22: 79.93714 | V22: 78.761955 | W22: 57.559805 | X22: 79.93714 | Y22: 79.93714 | Z22: 57.977183 | AA22: 79.93714 | AB22: 79.316532 | AC22: 490881.05 | AD22: 109.0128 | AE22: 19604 | AF22: 17150 | AG22: Number of fully connected layers: 1; First layer size: 100; Activation: ReLU; Iteration limit: 1000; Regularization strength (Lambda): 0; Standardize data: Yes | AH22: 46305 | AI22: None | AJ22: Disabled | AK22: Default | AL22: Not applicable
A23: 0 | B23: 2.21 | C23: Tested | D23: Neural Network | E23: 84.916821 | F23: 1632 | G23: 15.083179 | H23: 67.448497 | I23: 84.916821 | J23: 81.032587 | K23: 56.364988 | L23: 84.916821 | M23: 84.916821 | N23: 57.649303 | O23: 84.916821 | P23: 81.506025 | Q23: 85.332635 | R23: 280 | S23: 14.667365 | T23: 69.615134 | U23: 85.332635 | V23: 81.721492 | W23: 56.51571 | X23: 85.332635 | Y23: 85.332635 | Z23: 57.898551 | AA23: 85.332635 | AB23: 81.772079 | AC23: 349099.83 | AD23: 63.148026 | AE23: 9856 | AF23: 6878 | AG23: Number of fully connected layers: 2; First layer size: 10; Second layer size: 10; Activation: ReLU; Iteration limit: 1000; Regularization strength (Lambda): 0; Standardize data: Yes | AH23: 46305 | AI23: None | AJ23: Disabled | AK23: Default | AL23: Not applicable
A24: 0 | B24: 2.22 | C24: Tested | D24: Neural Network | E24: 84.205176 | F24: 1709 | G24: 15.794824 | H24: 64.680616 | I24: 84.205176 | J24: 80.249433 | K24: 56.509794 | L24: 84.205176 | M24: 84.205176 | N24: 57.764571 | O24: 84.205176 | P24: 81.224778 | Q24: 84.65165 | R24: 293 | S24: 15.34835 | T24: 65.34862 | U24: 84.65165 | V24: 80.131809 | W24: 54.808126 | X24: 84.65165 | Y24: 84.65165 | Z24: 55.401642 | AA24: 84.65165 | AB24: 80.773091 | AC24: 367839.54 | AD24: 76.6924 | AE24: 11628 | AF24: 8126 | AG24: Number of fully connected layers: 3; First layer size: 10; Second layer size: 10; Third layer size: 10; Activation: ReLU; Iteration limit: 1000; Regularization strength (Lambda): 0; Standardize data: Yes | AH24: 46305 | AI24: None | AJ24: Disabled | AK24: Default | AL24: Not applicable
A25: 0 | B25: 2.23 | C25: Tested | D25: Kernel | E25: 85.101664 | F25: 1612 | G25: 14.898336 | H25: NaN | I25: 85.101664 | J25: NaN | K25: 50 | L25: 85.101664 | M25: 85.101664 | N25: 45.975634 | O25: 85.101664 | P25: 78.252059 | Q25: 85.123101 | R25: 284 | S25: 14.876899 | T25: NaN | U25: 85.123101 | V25: NaN | W25: 50 | X25: 85.123101 | Y25: 85.123101 | Z25: 45.98189 | AA25: 85.123101 | AB25: 78.282422 | AC25: 72001.81 | AD25: 39.316543 | AE25: 13438 | AF25: 14120 | AG25: Learner: SVM; Number of expansion dimensions: Auto; Regularization strength (Lambda): Auto; Kernel scale: Auto; Multiclass coding: One-vs-One; Standardize data: Yes; Iteration limit: 1000 | AH25: 46305 | AI25: None | AJ25: Disabled | AK25: Default | AL25: Not applicable
A26: 0 | B26: 2.24 | C26: Tested | D26: Kernel | E26: 85.295749 | F26: 1591 | G26: 14.704251 | H26: 73.644194 | I26: 85.295749 | J26: 81.960789 | K26: 51.521333 | L26: 85.295749 | M26: 85.295749 | N26: 49.243724 | O26: 85.295749 | P26: 79.274558 | Q26: 85.123101 | R26: 284 | S26: 14.876899 | T26: 67.747485 | U26: 85.123101 | V26: 80.21442 | W26: 51.452871 | X26: 85.123101 | Y26: 85.123101 | Z26: 49.248495 | AA26: 85.123101 | AB26: 79.222231 | AC26: 76469.133 | AD26: 62.469819 | AE26: 13480 | AF26: 14120 | AG26: Learner: Logistic Regression; Number of expansion dimensions: Auto; Regularization strength (Lambda): Auto; Kernel scale: Auto; Multiclass coding: One-vs-One; Standardize data: Yes; Iteration limit: 1000 | AH26: 46305 | AI26: None | AJ26: Disabled | AK26: Default | AL26: Not applicable
A27: 0 | B27: 2.3 | C27: Tested | D27: Tree | E27: 85.147874 | F27: 1607 | G27: 14.852126 | H27: 92.570504 | I27: 85.147874 | J27: 87.35475 | K27: 50.155087 | L27: 85.147874 | M27: 85.147874 | N27: 46.296329 | O27: 85.147874 | P27: 78.363735 | Q27: 85.123101 | R27: 284 | S27: 14.876899 | T27: NaN | U27: 85.123101 | V27: NaN | W27: 50 | X27: 85.123101 | Y27: 85.123101 | Z27: 45.98189 | AA27: 85.123101 | AB27: 78.282422 | AC27: 730045.21 | AD27: 0.887745 | AE27: 5063 | AF27: 3374 | AG27: Maximum number of splits: 4; Split criterion: Gini's diversity index; Surrogate decision splits: Off | AH27: 46305 | AI27: None | AJ27: Disabled | AK27: Default | AL27: Not applicable
A28: 0 | B28: 2.4 | C28: Tested | D28: Binary GLM Logistic Regression | E28: 85.674677 | F28: 1550 | G28: 14.325323 | H28: 72.296757 | I28: 85.674677 | J28: 82.42621 | K28: 56.17057 | L28: 85.674677 | M28: 85.674677 | N28: 57.418668 | O28: 85.674677 | P28: 81.77 | Q28: 86.066003 | R28: 266 | S28: 13.933997 | T28: 74.903286 | U28: 86.066003 | V28: 83.365244 | W28: 56.946479 | X28: 86.066003 | Y28: 86.066003 | Z28: 58.589887 | AA28: 86.066003 | AB28: 82.284724 | AC28: 179665.58 | AD28: 2.473797 | AE28: 2486822 | AF28: 6001 | AG28: None | AH28: 46305 | AI28: None | AJ28: Disabled | AK28: Default | AL28: Not applicable
A29: 0 | B29: 2.5 | C29: Tested | D29: Efficient Logistic Regression | E29: 85.101664 | F29: 1612 | G29: 14.898336 | H29: NaN | I29: 85.101664 | J29: NaN | K29: 50 | L29: 85.101664 | M29: 85.101664 | N29: 45.975634 | O29: 85.101664 | P29: 78.252059 | Q29: 85.123101 | R29: 284 | S29: 14.876899 | T29: NaN | U29: 85.123101 | V29: NaN | W29: 50 | X29: 85.123101 | Y29: 85.123101 | Z29: 45.98189 | AA29: 85.123101 | AB29: 78.282422 | AC29: 667159.95 | AD29: 0.947314 | AE29: 11632 | AF29: 3496 | AG29: Learner: Logistic regression; Solver: Auto; Regularization: Auto; Regularization strength (Lambda): Auto; Relative coefficient tolerance (Beta tolerance): 0.0001; Multiclass coding: One-vs-One | AH29: 46305 | AI29: None | AJ29: Disabled | AK29: Default | AL29: Not applicable
A30: 0 | B30: 2.6 | C30: Tested | D30: Efficient Linear SVM | E30: 85.101664 | F30: 1612 | G30: 14.898336 | H30: NaN | I30: 85.101664 | J30: NaN | K30: 50 | L30: 85.101664 | M30: 85.101664 | N30: 45.975634 | O30: 85.101664 | P30: 78.252059 | Q30: 85.123101 | R30: 284 | S30: 14.876899 | T30: NaN | U30: 85.123101 | V30: NaN | W30: 50 | X30: 85.123101 | Y30: 85.123101 | Z30: 45.98189 | AA30: 85.123101 | AB30: 78.282422 | AC30: 675279.29 | AD30: 1.60612 | AE30: 11590 | AF30: 3496 | AG30: Learner: SVM; Solver: Auto; Regularization: Auto; Regularization strength (Lambda): Auto; Relative coefficient tolerance (Beta tolerance): 0.0001; Multiclass coding: One-vs-One | AH30: 46305 | AI30: None | AJ30: Disabled | AK30: Default | AL30: Not applicable
A31: 0 | B31: 2.7 | C31: Tested | D31: Naive Bayes | E31: 83.585952 | F31: 1776 | G31: 16.414048 | H31: 64.916015 | I31: 83.585952 | J31: 81.053571 | K31: 60.009664 | L31: 83.585952 | M31: 83.585952 | N31: 61.539311 | O31: 83.585952 | P31: 81.981973 | Q31: 83.813515 | R31: 309 | S31: 16.186485 | T31: 65.586313 | U31: 83.813515 | V31: 81.386363 | W31: 60.563164 | X31: 83.813515 | Y31: 83.813515 | Z31: 62.16638 | AA31: 83.813515 | AB31: 82.269433 | AC31: 445340.8 | AD31: 0.966749 | AE31: 8976 | AF31: 7327 | AG31: Distribution name for numeric predictors: Gaussian; Distribution name for categorical predictors: MVMN | AH31: 46305 | AI31: None | AJ31: Disabled | AK31: Default | AL31: Not applicable
A32: 0 | B32: 2.8 | C32: Tested | D32: Naive Bayes | E32: 83.909427 | F32: 1741 | G32: 16.090573 | H32: 65.011153 | I32: 83.909427 | J32: 80.796428 | K32: 58.690065 | L32: 83.909427 | M32: 83.909427 | N32: 60.286149 | O32: 83.909427 | P32: 81.789135 | Q32: 84.180199 | R32: 302 | S32: 15.819801 | T32: 65.98304 | U32: 84.180199 | V32: 81.263184 | W32: 59.470964 | X32: 84.180199 | Y32: 84.180199 | Z32: 61.211718 | AA32: 84.180199 | AB32: 82.178861 | AC32: 1040.633 | AD32: 48.199102 | AE32: 3155968 | AF32: 1565693 | AG32: Distribution name for numeric predictors: Kernel; Distribution name for categorical predictors: MVMN; Kernel type: Gaussian; Support: Unbounded; Standardize data: Yes | AH32: 46305 | AI32: None | AJ32: Disabled | AK32: Default | AL32: Not applicable
A33: 0 | B33: 2.9 | C33: Tested | D33: SVM | E33: 85.101664 | F33: 1612 | G33: 14.898336 | H33: NaN | I33: 85.101664 | J33: NaN | K33: 50 | L33: 85.101664 | M33: 85.101664 | N33: 45.975634 | O33: 85.101664 | P33: 78.252059 | Q33: 85.123101 | R33: 284 | S33: 14.876899 | T33: NaN | U33: 85.123101 | V33: NaN | W33: 50 | X33: 85.123101 | Y33: 85.123101 | Z33: 45.98189 | AA33: 85.123101 | AB33: 78.282422 | AC33: 114206.1 | AD33: 8.175629 | AE33: 403179 | AF33: 401090 | AG33: Kernel function: Linear; Kernel scale: Automatic; Box constraint level: 1; Multiclass coding: One-vs-One; Standardize data: Yes | AH33: 46305 | AI33: None | AJ33: Disabled | AK33: Default | AL33: Not applicable

Sheet V2
A1: Session: untitled
A2: Training Data: Excel_MultiModal_Dataset1 Observations: 10820
A3: Predictors: 10 Predictor Names: body_temperature, sleep_quality, muscle_activity, step_count, ground_reaction_force, altitude, training_load, fatigue_index, sport_type, age
A4: Response Name: injury_occurred Response Classes: 2 Response Class Names: 0, 1
A5: Validation: 5-fold cross-validation
A6: Test Data: Excel_MultiModal_Dataset1 Observations: 1909
A9: Favorite | B9: Model Number | C9: Model Type | D9: Status | E9: Accuracy % (Validation) | F9: Total Cost (Validation) | G9: Accuracy % (Test) | H9: Total Cost (Test) | I9: Preset | J9: Error Rate % (Validation) | K9: Macro Precision % (Validation) | L9: Micro Precision % (Validation) | M9: Weighted Precision % (Validation) | N9: Macro Recall % (Validation) | O9: Micro Recall % (Validation) | P9: Weighted Recall % (Validation) | Q9: Macro F1 Score % (Validation) | R9: Micro F1 Score % (Validation) | S9: Weighted F1 Score % (Validation) | T9: Error Rate % (Test) | U9: Macro Precision % (Test) | V9: Micro Precision % (Test) | W9: Weighted Precision % (Test) | X9: Macro Recall % (Test) | Y9: Micro Recall % (Test) | Z9: Weighted Recall % (Test) | AA9: Macro F1 Score % (Test) | AB9: Micro F1 Score % (Test) | AC9: Weighted F1 Score % (Test) | AD9: Prediction Speed (obs/sec) | AE9: Training Time (sec) | AF9: Compact Model Size (bytes) | AG9: Coder Model Size (bytes) | AH9: Hyperparameters | AI9: Selected Features | AJ9: Feature Ranking Algorithm | AK9: PCA | AL9: Costs | AM9: Optimizer Options
A10: 0 | B10: 2.1 | C10: Tree | D10: Tested | E10: 84.593346 | F10: 1667 | G10: 85.280251 | H10: 281 | I10: Fine Tree | J10: 15.406654 | K10: 67.002155 | L10: 84.593346 | M10: 81.422907 | N10: 58.938365 | O10: 84.593346 | P10: 84.593346 | Q10: 60.78128 | R10: 84.593346 | S10: 82.235016 | T10: 14.719749 | U10: 69.470157 | V10: 85.280251 | W10: 82.342857 | X10: 59.826544 | Y10: 85.280251 | Z10: 85.280251 | AA10: 62.015868 | AB10: 85.280251 | AC10: 82.897754 | AD10: 791051.32 | AE10: 3.739183 | AF10: 32299 | AG10: 22290 | AH10: Maximum number of splits: 100; Split criterion: Gini's diversity index; Surrogate decision splits: Off | AI10: 46305 | AJ10: None | AK10: Disabled | AL10: Default | AM10: Not applicable
A11: 0 | B11: 2.1 | C11: SVM | D11: Tested | E11: 85.101664 | F11: 1612 | G11: 85.123101 | H11: 284 | I11: Quadratic SVM | J11: 14.898336 | K11: NaN | L11: 85.101664 | M11: NaN | N11: 50 | O11: 85.101664 | P11: 85.101664 | Q11: 45.975634 | R11: 85.101664 | S11: 78.252059 | T11: 14.876899 | U11: NaN | V11: 85.123101 | W11: NaN | X11: 50 | Y11: 85.123101 | Z11: 85.123101 | AA11: 45.98189 | AB11: 85.123101 | AC11: 78.282422 | AD11: 9972.4513 | AE11: 36.307242 | AF11: 531123 | AG11: 529130 | AH11: Kernel function: Quadratic; Kernel scale: Automatic; Box constraint level: 1; Multiclass coding: One-vs-One; Standardize data: Yes | AI11: 46305 | AJ11: None | AK11: Disabled | AL11: Default | AM11: Not applicable
A12: 0 | B12: 2.11 | C12: SVM | D12: Tested | E12: 85.573013 | F12: 1561 | G12: 85.699319 | H12: 273 | I12: Cubic SVM | J12: 14.426987 | K12: 76.701769 | L12: 85.573013 | M12: 83.101196 | N12: 52.784489 | O12: 85.573013 | P12: 85.573013 | Q12: 51.652225 | R12: 85.573013 | S12: 80.082359 | T12: 14.300681 | U12: 77.461482 | V12: 85.699319 | W12: 83.429575 | X12: 53.244204 | Y12: 85.699319 | Z12: 85.699319 | AA12: 52.49534 | AB12: 85.699319 | AC12: 80.394172 | AD12: 311887.47 | AE12: 542.98609 | AF12: 434283 | AG12: 432290 | AH12: Kernel function: Cubic; Kernel scale: Automatic; Box constraint level: 1; Multiclass coding: One-vs-One; Standardize data: Yes | AI12: 46305 | AJ12: None | AK12: Disabled | AL12: Default | AM12: Not applicable
A13: 0 | B13: 2.12 | C13: SVM | D13: Tested | E13: 85.101664 | F13: 1612 | G13: 85.123101 | H13: 284 | I13: Fine Gaussian SVM | J13: 14.898336 | K13: NaN | L13: 85.101664 | M13: NaN | N13: 50 | O13: 85.101664 | P13: 85.101664 | Q13: 45.975634 | R13: 85.101664 | S13: 78.252059 | T13: 14.876899 | U13: NaN | V13: 85.123101 | W13: NaN | X13: 50 | Y13: 85.123101 | Z13: 85.123101 | AA13: 45.98189 | AB13: 85.123101 | AC13: 78.282422 | AD13: 5108.3639 | AE13: 40.691241 | AF13: 1299359 | AG13: 1297370 | AH13: Kernel function: Gaussian; Kernel scale: 0.79; Box constraint level: 1; Multiclass coding: One-vs-One; Standardize data: Yes | AI13: 46305 | AJ13: None | AK13: Disabled | AL13: Default | AM13: Not applicable
A14: 0 | B14: 2.13 | C14: SVM | D14: Tested | E14: 85.425139 | F14: 1577 | G14: 85.437402 | H14: 278 | I14: Medium Gaussian SVM | J14: 14.574861 | K14: 77.832092 | L14: 85.425139 | M14: 83.249787 | N14: 51.750878 | O14: 85.425139 | P14: 85.425139 | Q14: 49.636182 | R14: 85.425139 | S14: 79.441348 | T14: 14.562598 | U14: 74.663969 | V14: 85.437402 | W14: 82.410443 | X14: 52.218635 | Y14: 85.437402 | Z14: 85.437402 | AA14: 50.617305 | AB14: 85.437402 | AC14: 79.746282 | AD14: 6825.4563 | AE14: 38.388437 | AF14: 493199 | AG14: 491210 | AH14: Kernel function: Gaussian; Kernel scale: 3.2; Box constraint level: 1; Multiclass coding: One-vs-One; Standardize data: Yes | AI14: 46305 | AJ14: None | AK14: Disabled | AL14: Default | AM14: Not applicable
A15: 0 | B15: 2.14 | C15: SVM | D15: Tested | E15: 85.101664 | F15: 1612 | G15: 85.123101 | H15: 284 | I15: Coarse Gaussian SVM | J15: 14.898336 | K15: NaN | L15: 85.101664 | M15: NaN | N15: 50 | O15: 85.101664 | P15: 85.101664 | Q15: 45.975634 | R15: 85.101664 | S15: 78.252059 | T15: 14.876899 | U15: NaN | V15: 85.123101 | W15: NaN | X15: 50 | Y15: 85.123101 | Z15: 85.123101 | AA15: 45.98189 | AB15: 85.123101 | AC15: 78.282422 | AD15: 7232.0305 | AE15: 35.861007 | AF15: 462839 | AG15: 460850 | AH15: Kernel function: Gaussian; Kernel scale: 13; Box constraint level: 1; Multiclass coding: One-vs-One; Standardize data: Yes | AI15: 46305 | AJ15: None | AK15: Disabled | AL15: Default | AM15: Not applicable
A16: 0 | B16: 2.15 | C16: Ensemble | D16: Tested | E16: 86.127542 | F16: 1501 | G16: 86.904138 | H16: 250 | I16: Boosted Trees | J16: 13.872458 | K16: 75.01102 | L16: 86.127542 | M16: 83.48734 | N16: 57.51131 | O16: 86.127542 | P16: 86.127542 | Q16: 59.399532 | R16: 86.127542 | S16: 82.525852 | T16: 13.095862 | U16: 79.67133 | V16: 86.904138 | W16: 85.204243 | X16: 59.182232 | Y16: 86.904138 | Z16: 86.904138 | AA16: 61.852715 | AB16: 86.904138 | AC16: 83.568267 | AD16: 42855.049 | AE16: 11.691848 | AF16: 311332 | AG16: 138241 | AH16: Ensemble method: AdaBoost; Learner type: Decision tree; Maximum number of splits: 20; Number of learners: 30; Learning rate: 0.1; Number of predictors to sample: Select All | AI16: 46305 | AJ16: None | AK16: Disabled | AL16: Default | AM16: Not applicable
A17: 0 | B17: 2.16 | C17: Ensemble | D17: Tested | E17: 85.591497 | F17: 1559 | G17: 86.066003 | H17: 266 | I17: Bagged Trees | J17: 14.408503 | K17: 71.031433 | L17: 85.591497 | M17: 82.407513 | N17: 57.989573 | O17: 85.591497 | P17: 85.591497 | Q17: 59.926991 | R17: 85.591497 | S17: 82.44086 | T17: 13.933997 | U17: 72.828 | V17: 86.066003 | W17: 83.413666 | X17: 60.288082 | Y17: 86.066003 | Z17: 86.066003 | AA17: 62.858836 | AB17: 86.066003 | AC17: 83.482303 | AD17: 23982.038 | AE17: 29.570914 | AF17: 6786504 | AG17: 4911469 | AH17: Ensemble method: Bag; Learner type: Decision tree; Maximum number of splits: 10819; Number of learners: 30; Number of predictors to sample: Select All | AI17: 46305 | AJ17: None | AK17: Disabled | AL17: Default | AM17: Not applicable
A18: 0 | B18: 2.17 | C18: Ensemble | D18: Tested | E18: 70.933457 | F18: 3145 | G18: 71.346255 | H18: 547 | I18: RUSBoosted Trees | J18: 29.066543 | K18: 62.445771 | L18: 70.933457 | M18: 84.75458 | N18: 72.789884 | O18: 70.933457 | P18: 70.933457 | Q18: 62.014259 | R18: 70.933457 | S18: 74.936293 | T18: 28.653745 | U18: 62.355408 | V18: 71.346255 | W18: 84.559321 | X18: 72.417985 | Y18: 71.346255 | Z18: 71.346255 | AA18: 62.123524 | AB18: 71.346255 | AC18: 75.252698 | AD18: 79961.571 | AE18: 9.361052 | AF18: 294056 | AG18: 109613 | AH18: Ensemble method: RUSBoost; Learner type: Decision tree; Maximum number of splits: 20; Number of learners: 30; Learning rate: 0.1; Number of predictors to sample: Select All | AI18: 46305 | AJ18: None | AK18: Disabled | AL18: Default | AM18: Not applicable
A19: 0 | B19: 2.18 | C19: Neural Network | D19: Tested | E19: 85.51756 | F19: 1567 | G19: 86.01362 | H19: 267 | I19: Narrow Neural Network | J19: 14.48244 | K19: 71.098993 | L19: 85.51756 | M19: 82.049146 | N19: 56.052672 | O19: 85.51756 | P19: 85.51756 | Q19: 57.238486 | R19: 85.51756 | S19: 81.651243 | T19: 13.98638 | U19: 74.45708 | V19: 86.01362 | W19: 83.227493 | X19: 56.91571 | Y19: 86.01362 | Z19: 86.01362 | AA19: 58.539327 | AB19: 86.01362 | AC19: 82.247838 | AD19: 224607.15 | AE19: 31.290209 | AF19: 8084 | AG19: 5630 | AH19: Number of fully connected layers: 1; First layer size: 10; Activation: ReLU; Iteration limit: 1000; Regularization strength (Lambda): 0; Standardize data: Yes | AI19: 46305 | AJ19: None | AK19: Disabled | AL19: Default | AM19: Not applicable
A20: 0 | B20: 2.19 | C20: Neural Network | D20: Tested | E20: 84.593346 | F20: 1667 | G20: 85.542169 | H20: 276 | I20: Medium Neural Network | J20: 15.406654 | K20: 66.536292 | L20: 84.593346 | M20: 81.013955 | N20: 57.607825 | O20: 84.593346 | P20: 84.593346 | Q20: 59.216595 | R20: 84.593346 | S20: 81.801457 | T20: 14.457831 | U20: 70.591729 | V20: 85.542169 | W20: 82.405836 | X20: 58.527519 | Y20: 85.542169 | Z20: 85.542169 | AA20: 60.589714 | AB20: 85.542169 | AC20: 82.618181 | AD20: 350422.64 | AE20: 44.940085 | AF20: 10004 | AG20: 7550 | AH20: Number of fully connected layers: 1; First layer size: 25; Activation: ReLU; Iteration limit: 1000; Regularization strength (Lambda): 0; Standardize data: Yes | AI20: 46305 | AJ20: None | AK20: Disabled | AL20: Default | AM20: Not applicable
A21: 0 | B21: 2.2 | C21: Tree | D21: Tested | E21: 85.693161 | F21: 1548 | G21: 86.223153 | H21: 263 | I21: Medium Tree | J21: 14.306839 | K21: 71.720204 | L21: 85.693161 | M21: 82.546252 | N21: 57.665494 | O21: 85.693161 | P21: 85.693161 | Q21: 59.525402 | R21: 85.693161 | S21: 82.372562 | T21: 13.776847 | U21: 73.333242 | V21: 86.223153 | W21: 83.727332 | X21: 61.106826 | Y21: 86.223153 | Z21: 86.223153 | AA21: 63.835243 | AB21: 86.223153 | AC21: 83.823384 | AD21: 813717.38 | AE21: 0.787302 | AF21: 9311 | AG21: 4766 | AH21: Maximum number of splits: 20; Split criterion: Gini's diversity index; Surrogate decision splits: Off | AI21: 46305 | AJ21: None | AK21: Disabled | AL21: Default | AM21: Not applicable
A22: 0 | B22: 2.2 | C22: Neural Network | D22: Tested | E22: 80.092421 | F22: 2154 | G22: 80.618125 | H22: 370 | I22: Wide Neural Network | J22: 19.907579 | K22: 59.74215 | L22: 80.092421 | M22: 79.418915 | N22: 59.082942 | O22: 80.092421 | P22: 80.092421 | Q22: 59.38351 | R22: 80.092421 | S22: 79.743967 | T22: 19.381875 | U22: 59.234661 | V22: 80.618125 | W22: 78.969847 | X22: 57.669231 | Y22: 80.618125 | Z22: 80.618125 | AA22: 58.271301 | AB22: 80.618125 | AC22: 79.722332 | AD22: 446277.58 | AE22: 83.706234 | AF22: 19604 | AG22: 17150 | AH22: Number of fully connected layers: 1; First layer size: 100; Activation: ReLU; Iteration limit: 1000; Regularization strength (Lambda): 0; Standardize data: Yes | AI22: 46305 | AJ22: None | AK22: Disabled | AL22: Default | AM22: Not applicable
A23: 0 | B23: 2.21 | C23: Neural Network | D23: Tested | E23: 84.815157 | F23: 1643 | G23: 85.175485 | H23: 283 | I23: Bilayered Neural Network | J23: 15.184843 | K23: 67.169696 | L23: 84.815157 | M23: 81.07085 | N23: 56.970527 | O23: 84.815157 | P23: 84.815157 | Q23: 58.450016 | R23: 84.815157 | S23: 81.685845 | T23: 14.824515 | U23: 68.758196 | V23: 85.175485 | W23: 81.5654 | X23: 57.00455 | Y23: 85.175485 | Z23: 85.175485 | AA23: 58.550339 | AB23: 85.175485 | AC23: 81.886496 | AD23: 182289.91 | AE23: 41.586708 | AF23: 9856 | AG23: 6878 | AH23: Number of fully connected layers: 2; First layer size: 10; Second layer size: 10; Activation: ReLU; Iteration limit: 1000; Regularization strength (Lambda): 0; Standardize data: Yes | AI23: 46305 | AJ23: None | AK23: Disabled | AL23: Default | AM23: Not applicable
A24: 0 | B24: 2.22 | C24: Neural Network | D24: Tested | E24: 84.399261 | F24: 1688 | G24: 85.437402 | H24: 278 | I24: Trilayered Neural Network | J24: 15.600739 | K24: 65.380325 | L24: 84.399261 | M24: 80.466774 | N24: 56.572651 | O24: 84.399261 | P24: 84.399261 | Q24: 57.871062 | R24: 84.399261 | S24: 81.340454 | T24: 14.562598 | U24: 70.075224 | V24: 85.437402 | W24: 82.477801 | X24: 59.628277 | Y24: 85.437402 | Z24: 85.437402 | AA24: 61.855126 | AB24: 85.437402 | AC24: 82.923635 | AD24: 428107.94 | AE24: 58.458947 | AF24: 11628 | AG24: 8126 | AH24: Number of fully connected layers: 3; First layer size: 10; Second layer size: 10; Third layer size: 10; Activation: ReLU; Iteration limit: 1000; Regularization strength (Lambda): 0; Standardize data: Yes | AI24: 46305 | AJ24: None | AK24: Disabled | AL24: Default | AM24: Not applicable
A25: 0 | B25: 2.23 | C25: Kernel | D25: Tested | E25: 85.101664 | F25: 1612 | G25: 85.123101 | H25: 284 | I25: SVM Kernel | J25: 14.898336 | K25: NaN | L25: 85.101664 | M25: NaN | N25: 50 | O25: 85.101664 | P25: 85.101664 | Q25: 45.975634 | R25: 85.101664 | S25: 78.252059 | T25: 14.876899 | U25: NaN | V25: 85.123101 | W25: NaN | X25: 50 | Y25: 85.123101 | Z25: 85.123101 | AA25: 45.98189 | AB25: 85.123101 | AC25: 78.282422 | AD25: 98702.815 | AE25: 38.379809 | AF25: 13438 | AG25: 14120 | AH25: Learner: SVM; Number of expansion dimensions: Auto; Regularization strength (Lambda): Auto; Kernel scale: Auto; Multiclass coding: One-vs-One; Standardize data: Yes; Iteration limit: 1000 | AI25: 46305 | AJ25: None | AK25: Disabled | AL25: Default | AM25: Not applicable
A26: 0 | B26: 2.24 | C26: Kernel | D26: Tested | E26: 85.138632 | F26: 1608 | G26: 84.965951 | H26: 287 | I26: Logistic Regression Kernel | J26: 14.861368 | K26: 68.969633 | L26: 85.138632 | M26: 80.486861 | N26: 51.0708 | O26: 85.138632 | P26: 85.138632 | Q26: 48.39596 | R26: 85.138632 | S26: 78.965219 | T26: 15.034049 | U26: 64.145732 | V26: 84.965951 | W26: 79.100158 | X26: 51.215276 | Y26: 84.965951 | Z26: 84.965951 | AA26: 48.865992 | AB26: 84.965951 | AC26: 79.046818 | AD26: 109432.21 | AE26: 37.844614 | AF26: 13472 | AG26: 14120 | AH26: Learner: Logistic Regression; Number of expansion dimensions: Auto; Regularization strength (Lambda): Auto; Kernel scale: Auto; Multiclass coding: One-vs-One; Standardize data: Yes; Iteration limit: 1000 | AI26: 46305 | AJ26: None | AK26: Disabled | AL26: Default | AM26: Not applicable
A27: 0 | B27: 2.3 | C27: Tree | D27: Tested | E27: 85.369686 | F27: 1583 | G27: 85.280251 | H27: 281 | I27: Coarse Tree | J27: 14.630314 | K27: 80.889668 | L27: 85.369686 | M27: 84.067092 | N27: 51.232139 | O27: 85.369686 | P27: 85.369686 | Q27: 48.556646 | R27: 85.369686 | S27: 79.107487 | T27: 14.719749 | U27: 92.628541 | V27: 85.280251 | W27: 87.450372 | X27: 50.528169 | Y27: 85.280251 | Z27: 85.280251 | AA27: 47.066253 | AB27: 85.280251 | AC27: 78.659947 | AD27: 811459.43 | AE27: 1.351553 | AF27: 5899 | AG27: 3722 | AH27: Maximum number of splits: 4; Split criterion: Gini's diversity index; Surrogate decision splits: Off | AI27: 46305 | AJ27: None | AK27: Disabled | AL27: Default | AM27: Not applicable
A28: 0 | B28: 2.4 | C28: Binary GLM Logistic Regression | D28: Tested | E28: 85.637708 | F28: 1554 | G28: 86.01362 | H28: 267 | I28: Binary GLM Logistic Regression | J28: 14.362292 | K28: 72.247718 | L28: 85.637708 | M28: 82.334029 | N28: 55.76504 | O28: 85.637708 | P28: 85.637708 | Q28: 56.805389 | R28: 85.637708 | S28: 81.580309 | T28: 13.98638 | U28: 74.610507 | V28: 86.01362 | W28: 83.244936 | X28: 56.770423 | Y28: 86.01362 | Z28: 86.01362 | AA28: 58.328489 | AB28: 86.01362 | AC28: 82.188232 | AD28: 626302.38 | AE28: 2.496475 | AF28: 2486822 | AG28: 6001 | AH28: None | AI28: 46305 | AJ28: None | AK28: Disabled | AL28: Default | AM28: Not applicable
A29: 0 | B29: 2.5 | C29: Efficient Logistic Regression | D29: Tested | E29: 85.101664 | F29: 1612 | G29: 85.123101 | H29: 284 | I29: Efficient Logistic Regression | J29: 14.898336 | K29: NaN | L29: 85.101664 | M29: NaN | N29: 50 | O29: 85.101664 | P29: 85.101664 | Q29: 45.975634 | R29: 85.101664 | S29: 78.252059 | T29: 14.876899 | U29: NaN | V29: 85.123101 | W29: NaN | X29: 50 | Y29: 85.123101 | Z29: 85.123101 | AA29: 45.98189 | AB29: 85.123101 | AC29: 78.282422 | AD29: 758712.57 | AE29: 0.690451 | AF29: 11632 | AG29: 3496 | AH29: Learner: Logistic regression; Solver: Auto; Regularization: Auto; Regularization strength (Lambda): Auto; Relative coefficient tolerance (Beta tolerance): 0.0001; Multiclass coding: One-vs-One | AI29: 46305 | AJ29: None | AK29: Disabled | AL29: Default | AM29: Not applicable
A30: 0 | B30: 2.6 | C30: Efficient Linear SVM | D30: Tested | E30: 85.101664 | F30: 1612 | G30: 85.123101 | H30: 284 | I30: Efficient Linear SVM | J30: 14.898336 | K30: NaN | L30: 85.101664 | M30: NaN | N30: 50 | O30: 85.101664 | P30: 85.101664 | Q30: 45.975634 | R30: 85.101664 | S30: 78.252059 | T30: 14.876899 | U30: NaN | V30: 85.123101 | W30: NaN | X30: 50 | Y30: 85.123101 | Z30: 85.123101 | AA30: 45.98189 | AB30: 85.123101 | AC30: 78.282422 | AD30: 734854.66 | AE30: 1.359405 | AF30: 11590 | AG30: 3496 | AH30: Learner: SVM; Solver: Auto; Regularization: Auto; Regularization strength (Lambda): Auto; Relative coefficient tolerance (Beta tolerance): 0.0001; Multiclass coding: One-vs-One | AI30: 46305 | AJ30: None | AK30: Disabled | AL30: Default | AM30: Not applicable
A31: 0 | B31: 2.7 | C31: Naive Bayes | D31: Tested | E31: 83.696858 | F31: 1764 | G31: 83.603981 | H31: 313 | I31: Gaussian Naive Bayes | J31: 16.303142 | K31: 65.162565 | L31: 83.696858 | M31: 81.131994 | N31: 60.049237 | O31: 83.696858 | P31: 83.696858 | Q31: 61.622846 | R31: 83.696858 | S31: 82.055967 | T31: 16.396019 | U31: 65.357742 | V31: 83.603981 | W31: 81.423538 | X31: 61.021235 | Y31: 83.603981 | Z31: 83.603981 | AA31: 62.506549 | AB31: 83.603981 | AC31: 82.263292 | AD31: 514503.09 | AE31: 1.118431 | AF31: 8976 | AG31: 7327 | AH31: Distribution name for numeric predictors: Gaussian; Distribution name for categorical predictors: MVMN | AI31: 46305 | AJ31: None | AK31: Disabled | AL31: Default | AM31: Not applicable
A32: 0 | B32: 2.8 | C32: Naive Bayes | D32: Tested | E32: 84.09427 | F32: 1721 | G32: 83.865898 | H32: 308 | I32: Kernel Naive Bayes | J32: 15.90573 | K32: 65.584865 | L32: 84.09427 | M32: 81.0114 | N32: 58.926602 | O32: 84.09427 | P32: 84.09427 | Q32: 60.603664 | R32: 84.09427 | S32: 81.960294 | T32: 16.134102 | U32: 65.340117 | V32: 83.865898 | W32: 81.133552 | X32: 59.72221 | Y32: 83.865898 | Z32: 83.865898 | AA32: 61.35404 | AB32: 83.865898 | AC32: 82.073602 | AD32: 868.32313 | AE32: 48.818487 | AF32: 3155968 | AG32: 1565693 | AH32: Distribution name for numeric predictors: Kernel; Distribution name for categorical predictors: MVMN; Kernel type: Gaussian; Support: Unbounded; Standardize data: Yes | AI32: 46305 | AJ32: None | AK32: Disabled | AL32: Default | AM32: Not applicable
A33: 0 | B33: 2.9 | C33: SVM | D33: Tested | E33: 85.101664 | F33: 1612 | G33: 85.123101 | H33: 284 | I33: Linear SVM | J33: 14.898336 | K33: NaN | L33: 85.101664 | M33: NaN | N33: 50 | O33: 85.101664 | P33: 85.101664 | Q33: 45.975634 | R33: 85.101664 | S33: 78.252059 | T33: 14.876899 | U33: NaN | V33: 85.123101 | W33: NaN | X33: 50 | Y33: 85.123101 | Z33: 85.123101 | AA33: 45.98189 | AB33: 85.123101 | AC33: 78.282422 | AD33: 121267.82 | AE33: 6.761915 | AF33: 401619 | AG33: 399530 | AH33: Kernel function: Linear; Kernel scale: Automatic; Box constraint level: 1; Multiclass coding: One-vs-One; Standardize data: Yes | AI33: 46305 | AJ33: None | AK33: Disabled | AL33: Default | AM33: Not applicable

Sheet V3
A1: Session: untitled
A2: Training Data: Excel_MultiModal_Dataset1 Observations: 10820
A3: Predictors: 10 Predictor Names: body_temperature, sleep_quality, muscle_activity, step_count, ground_reaction_force, altitude, training_load, fatigue_index, sport_type, age
A4: Response Name: injury_occurred Response Classes: 2 Response Class Names: 0, 1
A5: Validation: 5-fold cross-validation
A6: Test Data: Excel_MultiModal_Dataset1 Observations: 1909
A9: Favorite | B9: Model Number | C9: Model Type | D9: Status | E9: Accuracy % (Validation) | F9: Total Cost (Validation) | G9: Accuracy % (Test) | H9: Total Cost (Test) | I9: Preset | J9: Error Rate % (Validation) | K9: Macro Precision % (Validation) | L9: Micro Precision % (Validation) | M9: Weighted Precision % (Validation) | N9: Macro Recall % (Validation) | O9: Micro Recall % (Validation) | P9: Weighted Recall % (Validation) | Q9: Macro F1 Score % (Validation) | R9: Micro F1 Score % (Validation) | S9: Weighted F1 Score % (Validation) | T9: Error Rate % (Test) | U9: Macro Precision % (Test) | V9: Micro Precision % (Test) | W9: Weighted Precision % (Test) | X9: Macro Recall % (Test) | Y9: Micro Recall % (Test) | Z9: Weighted Recall % (Test) | AA9: Macro F1 Score % (Test) | AB9: Micro F1 Score % (Test) | AC9: Weighted F1 Score % (Test) | AD9: Prediction Speed (obs/sec) | AE9: Training Time (sec) | AF9: Compact Model Size (bytes) | AG9: Coder Model Size (bytes) | AH9: Hyperparameters | AI9: Selected Features | AJ9: Feature Ranking Algorithm | AK9: PCA | AL9: Costs | AM9: Optimizer Options
A10: 0 | B10: 2.1 | C10: Tree | D10: Tested | E10: 84.852126 | F10: 1639 | G10: 84.442116 | H10: 297 | I10: Fine Tree | J10: 15.147874 | K10: 67.713669 | L10: 84.852126 | M10: 81.548985 | N10: 58.503192 | O10: 84.852126 | P10: 84.852126 | Q10: 60.359811 | R10: 84.852126 | S10: 82.240188 | T10: 15.557884 | U10: 65.494886 | V10: 84.442116 | W10: 80.409843 | X10: 56.284461 | Y10: 84.442116 | Z10: 84.442116 | AA10: 57.494484 | AB10: 84.442116 | AC10: 81.233221 | AD10: 725784.81 | AE10: 3.573249 | AF10: 31699 | AG10: 21442 | AH10: Maximum number of splits: 100; Split criterion: Gini's diversity index; Surrogate decision splits: Off | AI10: 46305 | AJ10: None | AK10: Disabled | AL10: Default | AM10: Not applicable
A11: 0 | B11: 2.1 | C11: SVM | D11: Tested | E11: 85.110906 | F11: 1611 | G11: 85.070718 | H11: 285 | I11: Quadratic SVM | J11: 14.889094 | K11: NaN | L11: 85.110906 | M11: NaN | N11: 50 | O11: 85.110906 | P11: 85.110906 | Q11: 45.978331 | R11: 85.110906 | S11: 78.265149 | T11: 14.929282 | U11: NaN | V11: 85.070718 | W11: NaN | X11: 50 | Y11: 85.070718 | Z11: 85.070718 | AA11: 45.966601 | AB11: 85.070718 | AC11: 78.208234 | AD11: 11833.051 | AE11: 61.723031 | AF11: 505443 | AG11: 503450 | AH11: Kernel function: Quadratic; Kernel scale: Automatic; Box constraint level: 1; Multiclass coding: One-vs-One; Standardize data: Yes | AI11: 46305 | AJ11: None | AK11: Disabled | AL11: Default | AM11: Not applicable
A12: 0 | B12: 2.11 | C12: SVM | D12: Tested | E12: 85.582255 | F12: 1560 | G12: 85.385018 | H12: 279 | I12: Cubic SVM | J12: 14.417745 | K12: 75.170598 | L12: 85.582255 | M12: 82.729147 | N12: 53.196118 | O12: 85.582255 | P12: 85.582255 | Q12: 52.446764 | R12: 85.582255 | S12: 80.321372 | T12: 14.614982 | U12: 73.626374 | V12: 85.385018 | W12: 82.105009 | X12: 52.499136 | Y12: 85.385018 | Z12: 85.385018 | AA12: 51.166936 | AB12: 85.385018 | AC12: 79.839034 | AD12: 303166.15 | AE12: 510.21194 | AF12: 418683 | AG12: 416690 | AH12: Kernel function: Cubic; Kernel scale: Automatic; Box constraint level: 1; Multiclass coding: One-vs-One; Standardize data: Yes | AI12: 46305 | AJ12: None | AK12: Disabled | AL12: Default | AM12: Not applicable
A13: 0 | B13: 2.12 | C13: SVM | D13: Tested | E13: 85.110906 | F13: 1611 | G13: 85.070718 | H13: 285 | I13: Fine Gaussian SVM | J13: 14.889094 | K13: NaN | L13: 85.110906 | M13: NaN | N13: 50 | O13: 85.110906 | P13: 85.110906 | Q13: 45.978331 | R13: 85.110906 | S13: 78.265149 | T13: 14.929282 | U13: NaN | V13: 85.070718 | W13: NaN | X13: 50 | Y13: 85.070718 | Z13: 85.070718 | AA13: 45.966601 | AB13: 85.070718 | AC13: 78.208234 | AD13: 4824.202 | AE13: 40.799668 | AF13: 1299119 | AG13: 1297130 | AH13: Kernel function: Gaussian; Kernel scale: 0.79; Box constraint level: 1; Multiclass coding: One-vs-One; Standardize data: Yes | AI13: 46305 | AJ13: None | AK13: Disabled | AL13: Default | AM13: Not applicable
A14: 0 | B14: 2.13 | C14: SVM | D14: Tested | E14: 85.462107 | F14: 1573 | G14: 85.175485 | H14: 283 | I14: Medium Gaussian SVM | J14: 14.537893 | K14: 76.02411 | L14: 85.462107 | M14: 82.796862 | N14: 52.178071 | O14: 85.462107 | P14: 85.462107 | Q14: 50.508918 | R14: 85.462107 | S14: 79.715377 | T14: 14.824515 | U14: 71.262721 | V14: 85.175485 | W14: 81.166597 | X14: 51.21878 | Y14: 85.175485 | Z14: 85.175485 | AA14: 48.654557 | AB14: 85.175485 | AC14: 79.028173 | AD14: 7255.2882 | AE14: 33.59726 | AF14: 485399 | AG14: 483410 | AH14: Kernel function: Gaussian; Kernel scale: 3.2; Box constraint level: 1; Multiclass coding: One-vs-One; Standardize data: Yes | AI14: 46305 | AJ14: None | AK14: Disabled | AL14: Default | AM14: Not applicable
A15: 0 | B15: 2.14 | C15: SVM | D15: Tested | E15: 85.110906 | F15: 1611 | G15: 85.070718 | H15: 285 | I15: Coarse Gaussian SVM | J15: 14.889094 | K15: NaN | L15: 85.110906 | M15: NaN | N15: 50 | O15: 85.110906 | P15: 85.110906 | Q15: 45.978331 | R15: 85.110906 | S15: 78.265149 | T15: 14.929282 | U15: NaN | V15: 85.070718 | W15: NaN | X15: 50 | Y15: 85.070718 | Z15: 85.070718 | AA15: 45.966601 | AB15: 85.070718 | AC15: 78.208234 | AD15: 9107.3991 | AE15: 34.862489 | AF15: 447359 | AG15: 445370 | AH15: Kernel function: Gaussian; Kernel scale: 13; Box constraint level: 1; Multiclass coding: One-vs-One; Standardize data: Yes | AI15: 46305 | AJ15: None | AK15: Disabled | AL15: Default | AM15: Not applicable
A16: 0 | B16: 2.15 | C16: Ensemble | D16: Tested | E16: 86.219963 | F16: 1491 | G16: 86.066003 | H16: 266 | I16: Boosted Trees | J16: 13.780037 | K16: 76.338745 | L16: 86.219963 | M16: 83.804685 | N16: 57.078932 | O16: 86.219963 | P16: 86.219963 | Q16: 58.799607 | R16: 86.219963 | S16: 82.402175 | T16: 13.933997 | U16: 75.930798 | V16: 86.066003 | W16: 83.54215 | X16: 56.515643 | Y16: 86.066003 | Z16: 86.066003 | AA16: 57.948756 | AB16: 86.066003 | AC16: 82.067266 | AD16: 31165.031 | AE16: 14.622953 | AF16: 311860 | AG16: 140537 | AH16: Ensemble method: AdaBoost; Learner type: Decision tree; Maximum number of splits: 20; Number of learners: 30; Learning rate: 0.1; Number of predictors to sample: Select All | AI16: 46305 | AJ16: None | AK16: Disabled | AL16: Default | AM16: Not applicable
A17: 0 | B17: 2.16 | C17: Ensemble | D17: Tested | E17: 85.406654 | F17: 1579 | G17: 85.804086 | H17: 271 | I17: Bagged Trees | J17: 14.593346 | K17: 69.990822 | L17: 85.406654 | M17: 82.22239 | N17: 58.547282 | O17: 85.406654 | P17: 85.406654 | Q17: 60.575857 | R17: 85.406654 | S17: 82.54679 | T17: 14.195914 | U17: 72.420198 | V17: 85.804086 | W17: 82.809199 | X17: 58.097507 | Y17: 85.804086 | Z17: 85.804086 | AA17: 60.120547 | AB17: 85.804086 | AC17: 82.568496 | AD17: 19349.589 | AE17: 29.757966 | AF17: 6722812 | AG17: 4863449 | AH17: Ensemble method: Bag; Learner type: Decision tree; Maximum number of splits: 10819; Number of learners: 30; Number of predictors to sample: Select All | AI17: 46305 | AJ17: None | AK17: Disabled | AL17: Default | AM17: Not applicable
A18: 0 | B18: 2.17 | C18: Ensemble | D18: Tested | E18: 71.238447 | F18: 3112 | G18: 75.065479 | H18: 476 | I18: RUSBoosted Trees | J18: 28.761553 | K18: 62.1163 | L18: 71.238447 | M18: 84.316836 | N18: 71.91316 | O18: 71.238447 | P18: 71.238447 | Q18: 61.885021 | R18: 71.238447 | S18: 75.143852 | T18: 24.934521 | U18: 63.695891 | V18: 75.065479 | W18: 84.636577 | X18: 73.049542 | Y18: 75.065479 | Z18: 75.065479 | AA18: 64.741315 | AB18: 75.065479 | AC18: 78.123751 | AD18: 30990.7 | AE18: 12.600015 | AF18: 294824 | AG18: 115517 | AH18: Ensemble method: RUSBoost; Learner type: Decision tree; Maximum number of splits: 20; Number of learners: 30; Learning rate: 0.1; Number of predictors to sample: Select All | AI18: 46305 | AJ18: None | AK18: Disabled | AL18: Default | AM18: Not applicable
A19: 0 | B19: 2.18 | C19: Neural Network | D19: Tested | E19: 85.591497 | F19: 1559 | G19: 85.123101 | H19: 284 | I19: Narrow Neural Network | J19: 14.408503 | K19: 71.331512 | L19: 85.591497 | M19: 82.253626 | N19: 56.709728 | O19: 85.591497 | P19: 85.591497 | Q19: 58.197248 | R19: 85.591497 | S19: 81.960406 | T19: 14.876899 | U19: 68.578446 | V19: 85.123101 | W19: 81.11568 | X19: 55.238203 | Y19: 85.123101 | Z19: 85.123101 | AA19: 56.010684 | AB19: 85.123101 | AC19: 81.111474 | AD19: 239274.66 | AE19: 38.713508 | AF19: 8084 | AG19: 5630 | AH19: Number of fully connected layers: 1; First layer size: 10; Activation: ReLU; Iteration limit: 1000; Regularization strength (Lambda): 0; Standardize data: Yes | AI19: 46305 | AJ19: None | AK19: Disabled | AL19: Default | AM19: Not applicable
A20: 0 | B20: 2.19 | C20: Neural Network | D20: Tested | E20: 84.916821 | F20: 1632 | G20: 84.442116 | H20: 297 | I20: Medium Neural Network | J20: 15.083179 | K20: 67.857845 | L20: 84.916821 | M20: 81.510057 | N20: 58.105877 | O20: 84.916821 | P20: 84.916821 | Q20: 59.902525 | R20: 84.916821 | S20: 82.142008 | T20: 15.557884 | U20: 65.417982 | V20: 84.442116 | W20: 80.358343 | X20: 56.139811 | Y20: 84.442116 | Z20: 84.442116 | AA20: 57.299723 | AB20: 84.442116 | AC20: 81.178609 | AD20: 179796.94 | AE20: 59.582749 | AF20: 10004 | AG20: 7550 | AH20: Number of fully connected layers: 1; First layer size: 25; Activation: ReLU; Iteration limit: 1000; Regularization strength (Lambda): 0; Standardize data: Yes | AI20: 46305 | AJ20: None | AK20: Disabled | AL20: Default | AM20: Not applicable
A21: 0 | B21: 2.2 | C21: Tree | D21: Tested | E21: 85.813309 | F21: 1535 | G21: 85.908853 | H21: 269 | I21: Medium Tree | J21: 14.186691 | K21: 73.26585 | L21: 85.813309 | M21: 82.761427 | N21: 56.379106 | O21: 85.813309 | P21: 85.813309 | Q21: 57.736138 | R21: 85.813309 | S21: 81.925994 | T21: 14.091147 | U21: 73.419373 | V21: 85.908853 | W21: 83.002991 | X21: 57.580481 | Y21: 85.908853 | Z21: 85.908853 | AA21: 59.454078 | AB21: 85.908853 | AC21: 82.426155 | AD21: 783660.46 | AE21: 1.455887 | AF21: 10199 | AG21: 5230 | AH21: Maximum number of splits: 20; Split criterion: Gini's diversity index; Surrogate decision splits: Off | AI21: 46305 | AJ21: None | AK21: Disabled | AL21: Default | AM21: Not applicable
A22: 0 | B22: 2.2 | C22: Neural Network | D22: Tested | E22: 79.436229 | F22: 2225 | G22: 79.622839 | H22: 389 | I22: Wide Neural Network | J22: 20.563771 | K22: 58.447422 | L22: 79.436229 | M22: 78.809138 | N22: 57.933452 | O22: 79.436229 | P22: 79.436229 | Q22: 58.168534 | R22: 79.436229 | S22: 79.113699 | T22: 20.377161 | U22: 57.665768 | V22: 79.622839 | W22: 78.239959 | X22: 56.634258 | Y22: 79.622839 | Z22: 79.622839 | AA22: 57.045913 | AB22: 79.622839 | AC22: 78.888763 | AD22: 419055 | AE22: 89.527807 | AF22: 19604 | AG22: 17150 | AH22: Number of fully connected layers: 1; First layer size: 100; Activation: ReLU; Iteration limit: 1000; Regularization strength (Lambda): 0; Standardize data: Yes | AI22: 46305 | AJ22: None | AK22: Disabled | AL22: Default | AM22: Not applicable
A23: 0 | B23: 2.21 | C23: Neural Network | D23: Tested | E23: 84.61183 | F23: 1665 | G23: 85.227868 | H23: 282 | I23: Bilayered Neural Network | J23: 15.38817 | K23: 65.971352 | L23: 84.61183 | M23: 80.572419 | N23: 56.185418 | O23: 84.61183 | P23: 84.61183 | Q23: 57.377587 | R23: 84.61183 | S23: 81.302408 | T23: 14.772132 | U23: 69.281121 | V23: 85.227868 | W23: 81.673863 | X23: 57.035585 | Y23: 85.227868 | Z23: 85.227868 | AA23: 58.599575 | AB23: 85.227868 | AC23: 81.888461 | AD23: 293383.95 | AE23: 59.123285 | AF23: 9856 | AG23: 6878 | AH23: Number of fully connected layers: 2; First layer size: 10; Second layer size: 10; Activation: ReLU; Iteration limit: 1000; Regularization strength (Lambda): 0; Standardize data: Yes | AI23: 46305 | AJ23: None | AK23: Disabled | AL23: Default | AM23: Not applicable
A24: 0 | B24: 2.22 | C24: Neural Network | D24: Tested | E24: 84.713494 | F24: 1654 | G24: 83.603981 | H24: 313 | I24: Trilayered Neural Network | J24: 15.286506 | K24: 66.684454 | L24: 84.713494 | M24: 80.921062 | N24: 56.885321 | O24: 84.713494 | P24: 84.713494 | Q24: 58.322881 | R24: 84.713494 | S24: 81.6116 | T24: 16.396019 | U24: 61.988731 | V24: 83.603981 | W24: 79.165479 | X24: 55.213249 | Y24: 83.603981 | Z24: 83.603981 | AA24: 56.004659 | AB24: 83.603981 | AC24: 80.446122 | AD24: 443551.69 | AE24: 58.483928 | AF24: 11628 | AG24: 8126 | AH24: Number of fully connected layers: 3; First layer size: 10; Second layer size: 10; Third layer size: 10; Activation: ReLU; Iteration limit: 1000; Regularization strength (Lambda): 0; Standardize data: Yes | AI24: 46305 | AJ24: None | AK24: Disabled | AL24: Default | AM24: Not applicable
A25: 0 | B25: 2.23 | C25: Kernel | D25: Tested | E25: 85.110906 | F25: 1611 | G25: 85.070718 | H25: 285 | I25: SVM Kernel | J25: 14.889094 | K25: NaN | L25: 85.110906 | M25: NaN | N25: 50 | O25: 85.110906 | P25: 85.110906 | Q25: 45.978331 | R25: 85.110906 | S25: 78.265149 | T25: 14.929282 | U25: NaN | V25: 85.070718 | W25: NaN | X25: 50 | Y25: 85.070718 | Z25: 85.070718 | AA25: 45.966601 | AB25: 85.070718 | AC25: 78.208234 | AD25: 140193.58 | AE25: 36.673257 | AF25: 13438 | AG25: 14120 | AH25: Learner: SVM; Number of expansion dimensions: Auto; Regularization strength (Lambda): Auto; Kernel scale: Auto; Multiclass coding: One-vs-One; Standardize data: Yes; Iteration limit: 1000 | AI25: 46305 | AJ25: None | AK25: Disabled | AL25: Default | AM25: Not applicable
A26: 0 | B26: 2.24 | C26: Kernel | D26: Tested | E26: 84.963031 | F26: 1627 | G26: 84.861184 | H26: 289 | I26: Logistic Regression Kernel | J26: 15.036969 | K26: 63.320891 | L26: 84.963031 | M26: 78.781307 | N26: 50.8862 | O26: 84.963031 | P26: 84.963031 | Q26: 48.151003 | R26: 84.963031 | S26: 78.829712 | T26: 15.138816 | U26: 63.14135 | V26: 84.861184 | W26: 78.735375 | X26: 51.178701 | Y26: 84.861184 | Z26: 84.861184 | AA26: 48.81596 | AB26: 84.861184 | AC26: 78.943647 | AD26: 103211.77 | AE26: 35.753304 | AF26: 13480 | AG26: 14120 | AH26: Learner: Logistic Regression; Number of expansion dimensions: Auto; Regularization strength (Lambda): Auto; Kernel scale: Auto; Multiclass coding: One-vs-One; Standardize data: Yes; Iteration limit: 1000 | AI26: 46305 | AJ26: None | AK26: Disabled | AL26: Default | AM26: Not applicable
A27: 0 | B27: 2.3 | C27: Tree | D27: Tested | E27: 85.249538 | F27: 1596 | G27: 85.437402 | H27: 278 | I27: Coarse Tree | J27: 14.750462 | K27: 89.676615 | L27: 85.249538 | M27: 86.558042 | N27: 50.491157 | O27: 85.249538 | P27: 85.249538 | Q27: 46.995194 | R27: 85.249538 | S27: 78.615788 | T27: 14.562598 | U27: 92.691903 | V27: 85.437402 | W27: 87.565899 | X27: 51.22807 | Y27: 85.437402 | Z27: 85.437402 | AA27: 48.455116 | AB27: 85.437402 | AC27: 79.079285 | AD27: 752329.3 | AE27: 0.910672 | AF27: 5899 | AG27: 3722 | AH27: Maximum number of splits: 4; Split criterion: Gini's diversity index; Surrogate decision splits: Off | AI27: 46305 | AJ27: None | AK27: Disabled | AL27: Default | AM27: Not applicable
A28: 0 | B28: 2.4 | C28: Binary GLM Logistic Regression | D28: Tested | E28: 85.739372 | F28: 1543 | G28: 85.646936 | H28: 274 | I28: Binary GLM Logistic Regression | J28: 14.260628 | K28: 72.733855 | L28: 85.739372 | M28: 82.576077 | N28: 56.233242 | O28: 85.739372 | P28: 85.739372 | Q28: 57.51587 | R28: 85.739372 | S28: 81.831798 | T28: 14.353064 | U28: 72.426953 | V28: 85.646936 | W28: 82.399661 | X28: 55.980036 | Y28: 85.646936 | Z28: 85.646936 | AA28: 57.126862 | AB28: 85.646936 | AC28: 81.653759 | AD28: 576574.66 | AE28: 2.455078 | AF28: 2486822 | AG28: 6001 | AH28: None | AI28: 46305 | AJ28: None | AK28: Disabled | AL28: Default | AM28: Not applicable
A29: 0 | B29: 2.5 | C29: Efficient Logistic Regression | D29: Tested | E29: 85.110906 | F29: 1611 | G29: 85.070718 | H29: 285 | I29: Efficient Logistic Regression | J29: 14.889094 | K29: NaN | L29: 85.110906 | M29: NaN | N29: 50 | O29: 85.110906 | P29: 85.110906 | Q29: 45.978331 | R29: 85.110906 | S29: 78.265149 | T29: 14.929282 | U29: NaN | V29: 85.070718 | W29: NaN | X29: 50 | Y29: 85.070718 | Z29: 85.070718 | AA29: 45.966601 | AB29: 85.070718 | AC29: 78.208234 | AD29: 745127.75 | AE29: 1.03134 | AF29: 11632 | AG29: 3496 | AH29: Learner: Logistic regression; Solver: Auto; Regularization: Auto; Regularization strength (Lambda): Auto; Relative coefficient tolerance (Beta tolerance): 0.0001; Multiclass coding: One-vs-One | AI29: 46305 | AJ29: None | AK29: Disabled | AL29: Default | AM29: Not applicable
A30: 0 | B30: 2.6 | C30: Efficient Linear SVM | D30: Tested | E30: 85.110906 | F30: 1611 | G30: 85.070718 | H30: 285 | I30: Efficient Linear SVM | J30: 14.889094 | K30: NaN | L30: 85.110906 | M30: NaN | N30: 50 | O30: 85.110906 | P30: 85.110906 | Q30: 45.978331 | R30: 85.110906 | S30: 78.265149 | T30: 14.929282 | U30: NaN | V30: 85.070718 | W30: NaN | X30: 50 | Y30: 85.070718 | Z30: 85.070718 | AA30: 45.966601 | AB30: 85.070718 | AC30: 78.208234 | AD30: 720516.75 | AE30: 0.522075 | AF30: 11590 | AG30: 3496 | AH30: Learner: SVM; Solver: Auto; Regularization: Auto; Regularization strength (Lambda): Auto; Relative coefficient tolerance (Beta tolerance): 0.0001; Multiclass coding: One-vs-One | AI30: 46305 | AJ30: None | AK30: Disabled | AL30: Default | AM30: Not applicable
A31: 0 | B31: 2.7 | C31: Naive Bayes | D31: Tested | E31: 83.752311 | F31: 1758 | G31: 83.918282 | H31: 307 | I31: Gaussian Naive Bayes | J31: 16.247689 | K31: 65.421098 | L31: 83.752311 | M31: 81.295335 | N31: 60.4178 | O31: 83.752311 | P31: 83.752311 | Q31: 62.003846 | R31: 83.752311 | S31: 82.190119 | T31: 16.081718 | U31: 65.120907 | V31: 83.918282 | W31: 80.802954 | X31: 58.724937 | Y31: 83.918282 | Z31: 83.918282 | AA31: 60.334065 | AB31: 83.918282 | AC31: 81.787371 | AD31: 507409.49 | AE31: 0.927775 | AF31: 8976 | AG31: 7327 | AH31: Distribution name for numeric predictors: Gaussian; Distribution name for categorical predictors: MVMN | AI31: 46305 | AJ31: None | AK31: Disabled | AL31: Default | AM31: Not applicable
A32: 0 | B32: 2.8 | C32: Naive Bayes | D32: Tested | E32: 84.038817 | F32: 1727 | G32: 83.918282 | H32: 307 | I32: Kernel Naive Bayes | J32: 15.961183 | K32: 65.54494 | L32: 84.038817 | M32: 81.068192 | N32: 59.203328 | O32: 84.038817 | P32: 84.038817 | Q32: 60.880466 | R32: 84.038817 | S32: 82.01646 | T32: 16.081718 | U32: 64.361752 | V32: 83.918282 | W32: 80.280411 | X32: 57.278433 | Y32: 83.918282 | Z32: 83.918282 | AA32: 58.67607 | AB32: 83.918282 | AC32: 81.329771 | AD32: 1042.2601 | AE32: 45.759575 | AF32: 3155968 | AG32: 1565693 | AH32: Distribution name for numeric predictors: Kernel; Distribution name for categorical predictors: MVMN; Kernel type: Gaussian; Support: Unbounded; Standardize data: Yes | AI32: 46305 | AJ32: None | AK32: Disabled | AL32: Default | AM32: Not applicable
A33: 0 | B33: 2.9 | C33: SVM | D33: Tested | E33: 85.110906 | F33: 1611 | G33: 85.070718 | H33: 285 | I33: Linear SVM | J33: 14.889094 | K33: NaN | L33: 85.110906 | M33: NaN | N33: 50 | O33: 85.110906 | P33: 85.110906 | Q33: 45.978331 | R33: 85.110906 | S33: 78.265149 | T33: 14.929282 | U33: NaN | V33: 85.070718 | W33: NaN | X33: 50 | Y33: 85.070718 | Z33: 85.070718 | AA33: 45.966601 | AB33: 85.070718 | AC33: 78.208234 | AD33: 31426.447 | AE33: 8.949554 | AF33: 401619 | AG33: 399530 | AH33: Kernel function: Linear; Kernel scale: Automatic; Box constraint level: 1; Multiclass coding: One-vs-One; Standardize data: Yes | AI33: 46305 | AJ33: None | AK33: Disabled | AL33: Default | AM33: Not applicable

Sheet V4
A1: Session: untitled
A2: Training Data: Excel_MultiModal_Dataset1 Observations: 10820
A3: Predictors: 10 Predictor Names: body_temperature, sleep_quality, muscle_activity, step_count, ground_reaction_force, altitude, training_load, fatigue_index, sport_type, age
A4: Response Name: injury_occurred Response Classes: 2 Response Class Names: 0, 1
A5: Validation: 5-fold cross-validation
A6: Test Data: Excel_MultiModal_Dataset1 Observations: 1909
A9: Favorite | B9: Model Number | C9: Model Type | D9: Status | E9: Accuracy % (Validation) | F9: Total Cost (Validation) | G9: Accuracy % (Test) | H9: Total Cost (Test) | I9: Preset | J9: Error Rate % (Validation) | K9: Macro Precision % (Validation) | L9: Micro Precision % (Validation) | M9: Weighted Precision % (Validation) | N9: Macro Recall % (Validation) | O9: Micro Recall % (Validation) | P9: Weighted Recall % (Validation) | Q9: Macro F1 Score % (Validation) | R9: Micro F1 Score % (Validation) | S9: Weighted F1 Score % (Validation) | T9: Error Rate % (Test) | U9: Macro Precision % (Test) | V9: Micro Precision % (Test) | W9: Weighted Precision % (Test) | X9: Macro Recall % (Test) | Y9: Micro Recall % (Test) | Z9: Weighted Recall % (Test) | AA9: Macro F1 Score % (Test) | AB9: Micro F1 Score % (Test) | AC9: Weighted F1 Score % (Test) | AD9: Prediction Speed (obs/sec) | AE9: Training Time (sec) | AF9: Compact Model Size (bytes) | AG9: Coder Model Size (bytes) | AH9: Hyperparameters | AI9: Selected Features | AJ9: Feature Ranking Algorithm | AK9: PCA | AL9: Costs | AM9: Optimizer Options
A10: 0 | B10: 2.1 | C10: Tree | D10: Tested | E10: 85.036969 | F10: 1619 | G10: 85.908853 | H10: 269 | I10: Fine Tree | J10: 14.963031 | K10: 68.459867 | L10: 85.036969 | M10: 81.779061 | N10: 58.6105 | O10: 85.036969 | P10: 85.036969 | Q10: 60.543125 | R10: 85.036969 | S10: 82.367786 | T10: 14.091147 | U10: 71.803894 | V10: 85.908853 | W10: 83.486877 | X10: 62.084507 | Y10: 85.908853 | Z10: 85.908853 | AA10: 64.679296 | AB10: 85.908853 | AC10: 83.914996 | AD10: 720948.83 | AE10: 3.811784 | AF10: 31251 | AG10: 21442 | AH10: Maximum number of splits: 100; Split criterion: Gini's diversity index; Surrogate decision splits: Off | AI10: 46305 | AJ10: None | AK10: Disabled | AL10: Default | AM10: Not applicable
A11: 0 | B11: 2.1 | C11: SVM | D11: Tested | E11: 85.101664 | F11: 1612 | G11: 85.123101 | H11: 284 | I11: Quadratic SVM | J11: 14.898336 | K11: NaN | L11: 85.101664 | M11: NaN | N11: 50 | O11: 85.101664 | P11: 85.101664 | Q11: 45.975634 | R11: 85.101664 | S11: 78.252059 | T11: 14.876899 | U11: NaN | V11: 85.123101 | W11: NaN | X11: 50 | Y11: 85.123101 | Z11: 85.123101 | AA11: 45.98189 | AB11: 85.123101 | AC11: 78.282422 | AD11: 21273.626 | AE11: 62.572848 | AF11: 518403 | AG11: 516410 | AH11: Kernel function: Quadratic; Kernel scale: Automatic; Box constraint level: 1; Multiclass coding: One-vs-One; Standardize data: Yes | AI11: 46305 | AJ11: None | AK11: Disabled | AL11: Default | AM11: Not applicable
A12: 0 | B12: 2.11 | C12: SVM | D12: Tested | E12: 85.591497 | F12: 1559 | G12: 85.646936 | H12: 274 | I12: Cubic SVM | J12: 14.408503 | K12: 76.698257 | L12: 85.591497 | M12: 83.120871 | N12: 52.897699 | O12: 85.591497 | P12: 85.591497 | Q12: 51.863975 | R12: 85.591497 | S12: 80.150853 | T12: 14.353064 | U12: 81.749809 | V12: 85.646936 | W12: 84.54001 | X12: 52.341712 | Y12: 85.646936 | Z12: 85.646936 | AA12: 50.739288 | AB12: 85.646936 | AC12: 79.868818 | AD12: 306064.72 | AE12: 548.01215 | AF12: 432843 | AG12: 430850 | AH12: Kernel function: Cubic; Kernel scale: Automatic; Box constraint level: 1; Multiclass coding: One-vs-One; Standardize data: Yes | AI12: 46305 | AJ12: None | AK12: Disabled | AL12: Default | AM12: Not applicable
A13: 0 | B13: 2.12 | C13: SVM | D13: Tested | E13: 85.101664 | F13: 1612 | G13: 85.123101 | H13: 284 | I13: Fine Gaussian SVM | J13: 14.898336 | K13: NaN | L13: 85.101664 | M13: NaN | N13: 50 | O13: 85.101664 | P13: 85.101664 | Q13: 45.975634 | R13: 85.101664 | S13: 78.252059 | T13: 14.876899 | U13: NaN | V13: 85.123101 | W13: NaN | X13: 50 | Y13: 85.123101 | Z13: 85.123101 | AA13: 45.98189 | AB13: 85.123101 | AC13: 78.282422 | AD13: 5081.7256 | AE13: 42.5735 | AF13: 1298759 | AG13: 1296770 | AH13: Kernel function: Gaussian; Kernel scale: 0.79; Box constraint level: 1; Multiclass coding: One-vs-One; Standardize data: Yes | AI13: 46305 | AJ13: None | AK13: Disabled | AL13: Default | AM13: Not applicable
A14: 0 | B14: 2.13 | C14: SVM | D14: Tested | E14: 85.277264 | F14: 1593 | G14: 85.437402 | H14: 278 | I14: Medium Gaussian SVM | J14: 14.722736 | K14: 73.453636 | L14: 85.277264 | M14: 81.883548 | N14: 51.408124 | O14: 85.277264 | P14: 85.277264 | Q14: 49.015367 | R14: 85.277264 | S14: 79.201161 | T14: 14.562598 | U14: 82.733017 | V14: 85.437402 | W14: 84.652858 | X14: 51.346912 | Y14: 85.437402 | Z14: 85.437402 | AA14: 48.776707 | AB14: 85.437402 | AC14: 79.217569 | AD14: 8199.995 | AE14: 33.77048 | AF14: 492839 | AG14: 490850 | AH14: Kernel function: Gaussian; Kernel scale: 3.2; Box constraint level: 1; Multiclass coding: One-vs-One; Standardize data: Yes | AI14: 46305 | AJ14: None | AK14: Disabled | AL14: Default | AM14: Not applicable
A15: 0 | B15: 2.14 | C15: SVM | D15: Tested | E15: 85.101664 | F15: 1612 | G15: 85.123101 | H15: 284 | I15: Coarse Gaussian SVM | J15: 14.898336 | K15: NaN | L15: 85.101664 | M15: NaN | N15: 50 | O15: 85.101664 | P15: 85.101664 | Q15: 45.975634 | R15: 85.101664 | S15: 78.252059 | T15: 14.876899 | U15: NaN | V15: 85.123101 | W15: NaN | X15: 50 | Y15: 85.123101 | Z15: 85.123101 | AA15: 45.98189 | AB15: 85.123101 | AC15: 78.282422 | AD15: 9387.0564 | AE15: 36.533296 | AF15: 451799 | AG15: 449810 | AH15: Kernel function: Gaussian; Kernel scale: 13; Box constraint level: 1; Multiclass coding: One-vs-One; Standardize data: Yes | AI15: 46305 | AJ15: None | AK15: Disabled | AL15: Default | AM15: Not applicable
A16: 0 | B16: 2.15 | C16: Ensemble | D16: Tested | E16: 85.970425 | F16: 1518 | G16: 86.851755 | H16: 251 | I16: Boosted Trees | J16: 14.029575 | K16: 74.940273 | L16: 85.970425 | M16: 83.232537 | N16: 56.293158 | O16: 85.970425 | P16: 85.970425 | Q16: 57.613413 | R16: 85.970425 | S16: 81.952381 | T16: 13.148245 | U16: 79.21353 | V16: 86.851755 | W16: 85.06325 | X16: 59.151463 | Y16: 86.851755 | Z16: 86.851755 | AA16: 61.79458 | AB16: 86.851755 | AC16: 83.529167 | AD16: 30268.274 | AE16: 13.149196 | AF16: 309556 | AG16: 126761 | AH16: Ensemble method: AdaBoost; Learner type: Decision tree; Maximum number of splits: 20; Number of learners: 30; Learning rate: 0.1; Number of predictors to sample: Select All | AI16: 46305 | AJ16: None | AK16: Disabled | AL16: Default | AM16: Not applicable
A17: 0 | B17: 2.16 | C17: Ensemble | D17: Tested | E17: 85.591497 | F17: 1559 | G17: 86.118387 | H17: 265 | I17: Bagged Trees | J17: 14.408503 | K17: 70.956691 | L17: 85.591497 | M17: 82.46694 | N17: 58.39897 | O17: 85.591497 | P17: 85.591497 | Q17: 60.446754 | R17: 85.591497 | S17: 82.586486 | T17: 13.881613 | U17: 73.370816 | V17: 86.118387 | W17: 83.432318 | X17: 59.592416 | Y17: 86.118387 | Z17: 86.118387 | AA17: 62.074203 | AB17: 86.118387 | AC17: 83.286868 | AD17: 21777.766 | AE17: 29.026977 | AF17: 6773880 | AG17: 4895789 | AH17: Ensemble method: Bag; Learner type: Decision tree; Maximum number of splits: 10819; Number of learners: 30; Number of predictors to sample: Select All | AI17: 46305 | AJ17: None | AK17: Disabled | AL17: Default | AM17: Not applicable
A18: 0 | B18: 2.17 | C18: Ensemble | D18: Tested | E18: 71.219963 | F18: 3114 | G18: 69.931902 | H18: 574 | I18: RUSBoosted Trees | J18: 28.780037 | K18: 62.759918 | L18: 71.219963 | M18: 85.011476 | N18: 73.367613 | O18: 71.219963 | P18: 71.219963 | Q18: 62.393082 | R18: 71.219963 | S18: 75.183808 | T18: 30.068098 | U18: 61.310125 | V18: 69.931902 | W18: 83.847751 | X18: 70.715493 | Y18: 69.931902 | Z18: 69.931902 | AA18: 60.654044 | AB18: 69.931902 | AC18: 74.075411 | AD18: 47310.888 | AE18: 9.57608 | AF18: 294568 | AG18: 113549 | AH18: Ensemble method: RUSBoost; Learner type: Decision tree; Maximum number of splits: 20; Number of learners: 30; Learning rate: 0.1; Number of predictors to sample: Select All | AI18: 46305 | AJ18: None | AK18: Disabled | AL18: Default | AM18: Not applicable
A19: 0 | B19: 2.18 | C19: Neural Network | D19: Tested | E19: 85.64695 | F19: 1553 | G19: 86.32792 | H19: 261 | I19: Narrow Neural Network | J19: 14.35305 | K19: 71.8432 | L19: 85.64695 | M19: 82.372753 | N19: 56.589264 | O19: 85.64695 | P19: 85.64695 | Q19: 58.029827 | R19: 85.64695 | S19: 81.930894 | T19: 13.67208 | U19: 76.259905 | V19: 86.32792 | W19: 83.935407 | X19: 57.826761 | Y19: 86.32792 | Z19: 86.32792 | AA19: 59.876258 | AB19: 86.32792 | AC19: 82.761212 | AD19: 238110.96 | AE19: 30.366054 | AF19: 8084 | AG19: 5630 | AH19: Number of fully connected layers: 1; First layer size: 10; Activation: ReLU; Iteration limit: 1000; Regularization strength (Lambda): 0; Standardize data: Yes | AI19: 46305 | AJ19: None | AK19: Disabled | AL19: Default | AM19: Not applicable
A20: 0 | B20: 2.19 | C20: Neural Network | D20: Tested | E20: 84.593346 | F20: 1667 | G20: 85.437402 | H20: 278 | I20: Medium Neural Network | J20: 15.406654 | K20: 66.516755 | L20: 84.593346 | M20: 80.997854 | N20: 57.55665 | O20: 84.593346 | P20: 84.593346 | Q20: 59.153518 | R20: 84.593346 | S20: 81.783912 | T20: 14.562598 | U20: 70.149464 | V20: 85.437402 | W20: 82.061797 | X20: 57.448971 | Y20: 85.437402 | Z20: 85.437402 | AA20: 59.186816 | AB20: 85.437402 | AC20: 82.179654 | AD20: 209126.58 | AE20: 43.123095 | AF20: 10004 | AG20: 7550 | AH20: Number of fully connected layers: 1; First layer size: 25; Activation: ReLU; Iteration limit: 1000; Regularization strength (Lambda): 0; Standardize data: Yes | AI20: 46305 | AJ20: None | AK20: Disabled | AL20: Default | AM20: Not applicable
A21: 0 | B21: 2.2 | C21: Tree | D21: Tested | E21: 85.656192 | F21: 1552 | G21: 86.118387 | H21: 265 | I21: Medium Tree | J21: 14.343808 | K21: 71.801743 | L21: 85.656192 | M21: 82.406176 | N21: 56.82498 | O21: 85.656192 | P21: 85.656192 | Q21: 58.366869 | R21: 85.656192 | S21: 82.030077 | T21: 13.881613 | U21: 74.46376 | V21: 86.118387 | W21: 83.40987 | X21: 57.848971 | Y21: 86.118387 | Z21: 86.118387 | AA21: 59.861387 | AB21: 86.118387 | AC21: 82.666203 | AD21: 800059.15 | AE21: 0.731023 | AF21: 9855 | AG21: 4998 | AH21: Maximum number of splits: 20; Split criterion: Gini's diversity index; Surrogate decision splits: Off | AI21: 46305 | AJ21: None | AK21: Disabled | AL21: Default | AM21: Not applicable
A22: 0 | B22: 2.2 | C22: Neural Network | D22: Tested | E22: 79.242144 | F22: 2246 | G22: 80.932425 | H22: 364 | I22: Wide Neural Network | J22: 20.757856 | K22: 58.126305 | L22: 79.242144 | M22: 78.647788 | N22: 57.662234 | O22: 79.242144 | P22: 79.242144 | Q22: 57.875307 | R22: 79.242144 | S22: 78.937141 | T22: 19.067575 | U22: 60.17776 | V22: 80.932425 | W22: 79.438664 | X22: 58.580282 | Y22: 80.932425 | Z22: 80.932425 | AA22: 59.216871 | AB22: 80.932425 | AC22: 80.121794 | AD22: 512844.82 | AE22: 94.005886 | AF22: 19604 | AG22: 17150 | AH22: Number of fully connected layers: 1; First layer size: 100; Activation: ReLU; Iteration limit: 1000; Regularization strength (Lambda): 0; Standardize data: Yes | AI22: 46305 | AJ22: None | AK22: Disabled | AL22: Default | AM22: Not applicable
A23: 0 | B23: 2.21 | C23: Neural Network | D23: Tested | E23: 84.824399 | F23: 1642 | G23: 85.542169 | H23: 276 | I23: Bilayered Neural Network | J23: 15.175601 | K23: 67.036925 | L23: 84.824399 | M23: 80.926075 | N23: 56.438624 | O23: 84.824399 | P23: 84.824399 | Q23: 57.741368 | R23: 84.824399 | S23: 81.491392 | T23: 14.457831 | U23: 71.485146 | V23: 85.542169 | W23: 82.045632 | X23: 55.331203 | Y23: 85.542169 | Z23: 85.542169 | AA23: 56.140953 | AB23: 85.542169 | AC23: 81.36618 | AD23: 116840.34 | AE23: 40.37206 | AF23: 9856 | AG23: 6878 | AH23: Number of fully connected layers: 2; First layer size: 10; Second layer size: 10; Activation: ReLU; Iteration limit: 1000; Regularization strength (Lambda): 0; Standardize data: Yes | AI23: 46305 | AJ23: None | AK23: Disabled | AL23: Default | AM23: Not applicable
A24: 0 | B24: 2.22 | C24: Neural Network | D24: Tested | E24: 84.833641 | F24: 1641 | G24: 85.804086 | H24: 271 | I24: Trilayered Neural Network | J24: 15.166359 | K24: 67.180132 | L24: 84.833641 | M24: 81.030169 | N24: 56.751102 | O24: 84.833641 | P24: 84.833641 | Q24: 58.163084 | R24: 84.833641 | S24: 81.613663 | T24: 14.195914 | U24: 71.822067 | V24: 85.804086 | W24: 82.883947 | X24: 59.117226 | Y24: 85.804086 | Z24: 85.804086 | AA24: 61.391373 | AB24: 85.804086 | AC24: 82.957544 | AD24: 433789.04 | AE24: 42.699335 | AF24: 11628 | AG24: 8126 | AH24: Number of fully connected layers: 3; First layer size: 10; Second layer size: 10; Third layer size: 10; Activation: ReLU; Iteration limit: 1000; Regularization strength (Lambda): 0; Standardize data: Yes | AI24: 46305 | AJ24: None | AK24: Disabled | AL24: Default | AM24: Not applicable
A25: 0 | B25: 2.23 | C25: Kernel | D25: Tested | E25: 85.101664 | F25: 1612 | G25: 85.123101 | H25: 284 | I25: SVM Kernel | J25: 14.898336 | K25: NaN | L25: 85.101664 | M25: NaN | N25: 50 | O25: 85.101664 | P25: 85.101664 | Q25: 45.975634 | R25: 85.101664 | S25: 78.252059 | T25: 14.876899 | U25: NaN | V25: 85.123101 | W25: NaN | X25: 50 | Y25: 85.123101 | Z25: 85.123101 | AA25: 45.98189 | AB25: 85.123101 | AC25: 78.282422 | AD25: 31826.899 | AE25: 36.753916 | AF25: 13438 | AG25: 14120 | AH25: Learner: SVM; Number of expansion dimensions: Auto; Regularization strength (Lambda): Auto; Kernel scale: Auto; Multiclass coding: One-vs-One; Standardize data: Yes; Iteration limit: 1000 | AI25: 46305 | AJ25: None | AK25: Disabled | AL25: Default | AM25: Not applicable
A26: 0 | B26: 2.24 | C26: Kernel | D26: Tested | E26: 85.027726 | F26: 1620 | G26: 84.599267 | H26: 294 | I26: Logistic Regression Kernel | J26: 14.972274 | K26: 65.095551 | L26: 85.027726 | M26: 79.293301 | N26: 50.852115 | O26: 85.027726 | P26: 85.027726 | Q26: 48.010856 | R26: 85.027726 | S26: 78.808243 | T26: 15.400733 | U26: 51.952919 | V26: 84.599267 | W26: 75.276708 | X26: 50.128169 | Y26: 84.599267 | Z26: 84.599267 | AA26: 46.821489 | AB26: 84.599267 | AC26: 78.306884 | AD26: 62229.686 | AE26: 32.651166 | AF26: 13480 | AG26: 14120 | AH26: Learner: Logistic Regression; Number of expansion dimensions: Auto; Regularization strength (Lambda): Auto; Kernel scale: Auto; Multiclass coding: One-vs-One; Standardize data: Yes; Iteration limit: 1000 | AI26: 46305 | AJ26: None | AK26: Disabled | AL26: Default | AM26: Not applicable
A27: 0 | B27: 2.3 | C27: Tree | D27: Tested | E27: 85.166359 | F27: 1605 | G27: 85.123101 | H27: 284 | I27: Coarse Tree | J27: 14.833641 | K27: 68.671998 | L27: 85.166359 | M27: 81.148712 | N27: 55.104298 | O27: 85.166359 | P27: 85.166359 | Q27: 55.808796 | R27: 85.166359 | S27: 81.095115 | T27: 14.876899 | U27: NaN | V27: 85.123101 | W27: NaN | X27: 50 | Y27: 85.123101 | Z27: 85.123101 | AA27: 45.98189 | AB27: 85.123101 | AC27: 78.282422 | AD27: 755956.12 | AE27: 1.410122 | AF27: 5063 | AG27: 3374 | AH27: Maximum number of splits: 4; Split criterion: Gini's diversity index; Surrogate decision splits: Off | AI27: 46305 | AJ27: None | AK27: Disabled | AL27: Default | AM27: Not applicable
A28: 0 | B28: 2.4 | C28: Binary GLM Logistic Regression | D28: Tested | E28: 85.64695 | F28: 1553 | G28: 86.01362 | H28: 267 | I28: Binary GLM Logistic Regression | J28: 14.35305 | K28: 72.138529 | L28: 85.64695 | M28: 82.35661 | N28: 56.051931 | O28: 85.64695 | P28: 85.64695 | Q28: 57.240535 | R28: 85.64695 | S28: 81.707609 | T28: 13.98638 | U28: 75.787674 | V28: 86.01362 | W28: 83.427224 | X28: 55.8987 | Y28: 86.01362 | Z28: 86.01362 | AA28: 57.010923 | AB28: 86.01362 | AC28: 81.814887 | AD28: 574127.14 | AE28: 2.860433 | AF28: 2486822 | AG28: 6001 | AH28: None | AI28: 46305 | AJ28: None | AK28: Disabled | AL28: Default | AM28: Not applicable
A29: 0 | B29: 2.5 | C29: Efficient Logistic Regression | D29: Tested | E29: 85.101664 | F29: 1612 | G29: 85.123101 | H29: 284 | I29: Efficient Logistic Regression | J29: 14.898336 | K29: NaN | L29: 85.101664 | M29: NaN | N29: 50 | O29: 85.101664 | P29: 85.101664 | Q29: 45.975634 | R29: 85.101664 | S29: 78.252059 | T29: 14.876899 | U29: NaN | V29: 85.123101 | W29: NaN | X29: 50 | Y29: 85.123101 | Z29: 85.123101 | AA29: 45.98189 | AB29: 85.123101 | AC29: 78.282422 | AD29: 701458.67 | AE29: 1.063063 | AF29: 11632 | AG29: 3496 | AH29: Learner: Logistic regression; Solver: Auto; Regularization: Auto; Regularization strength (Lambda): Auto; Relative coefficient tolerance (Beta tolerance): 0.0001; Multiclass coding: One-vs-One | AI29: 46305 | AJ29: None | AK29: Disabled | AL29: Default | AM29: Not applicable
A30: 0 | B30: 2.6 | C30: Efficient Linear SVM | D30: Tested | E30: 85.101664 | F30: 1612 | G30: 85.123101 | H30: 284 | I30: Efficient Linear SVM | J30: 14.898336 | K30: NaN | L30: 85.101664 | M30: NaN | N30: 50 | O30: 85.101664 | P30: 85.101664 | Q30: 45.975634 | R30: 85.101664 | S30: 78.252059 | T30: 14.876899 | U30: NaN | V30: 85.123101 | W30: NaN | X30: 50 | Y30: 85.123101 | Z30: 85.123101 | AA30: 45.98189 | AB30: 85.123101 | AC30: 78.282422 | AD30: 718173.37 | AE30: 0.732607 | AF30: 11590 | AG30: 3496 | AH30: Learner: SVM; Solver: Auto; Regularization: Auto; Regularization strength (Lambda): Auto; Relative coefficient tolerance (Beta tolerance): 0.0001; Multiclass coding: One-vs-One | AI30: 46305 | AJ30: None | AK30: Disabled | AL30: Default | AM30: Not applicable
A31: 0 | B31: 2.7 | C31: Naive Bayes | D31: Tested | E31: 83.57671 | F31: 1777 | G31: 84.284966 | H31: 300 | I31: Gaussian Naive Bayes | J31: 16.42329 | K31: 64.847173 | L31: 83.57671 | M31: 81.010495 | N31: 59.901884 | O31: 83.57671 | P31: 83.57671 | Q31: 61.429081 | R31: 83.57671 | S31: 81.94785 | T31: 15.715034 | U31: 66.594951 | V31: 84.284966 | W31: 81.637633 | X31: 60.404225 | Y31: 84.284966 | Z31: 84.284966 | AA31: 62.212985 | AB31: 84.284966 | AC31: 82.499843 | AD31: 519418.17 | AE31: 1.078792 | AF31: 8976 | AG31: 7327 | AH31: Distribution name for numeric predictors: Gaussian; Distribution name for categorical predictors: MVMN | AI31: 46305 | AJ31: None | AK31: Disabled | AL31: Default | AM31: Not applicable
A32: 0 | B32: 2.8 | C32: Naive Bayes | D32: Tested | E32: 83.872458 | F32: 1745 | G32: 84.389733 | H32: 298 | I32: Kernel Naive Bayes | J32: 16.127542 | K32: 64.997889 | L32: 83.872458 | M32: 80.826022 | N32: 58.847455 | O32: 83.872458 | P32: 83.872458 | Q32: 60.445156 | R32: 83.872458 | S32: 81.815852 | T32: 15.610267 | U32: 66.253533 | V32: 84.389733 | W32: 81.183333 | X32: 58.722319 | Y32: 84.389733 | Z32: 84.389733 | AA32: 60.46839 | AB32: 84.389733 | AC32: 82.070088 | AD32: 1062.7084 | AE32: 48.83411 | AF32: 3155968 | AG32: 1565693 | AH32: Distribution name for numeric predictors: Kernel; Distribution name for categorical predictors: MVMN; Kernel type: Gaussian; Support: Unbounded; Standardize data: Yes | AI32: 46305 | AJ32: None | AK32: Disabled | AL32: Default | AM32: Not applicable
A33: 0 | B33: 2.9 | C33: SVM | D33: Tested | E33: 85.101664 | F33: 1612 | G33: 85.123101 | H33: 284 | I33: Linear SVM | J33: 14.898336 | K33: NaN | L33: 85.101664 | M33: NaN | N33: 50 | O33: 85.101664 | P33: 85.101664 | Q33: 45.975634 | R33: 85.101664 | S33: 78.252059 | T33: 14.876899 | U33: NaN | V33: 85.123101 | W33: NaN | X33: 50 | Y33: 85.123101 | Z33: 85.123101 | AA33: 45.98189 | AB33: 85.123101 | AC33: 78.282422 | AD33: 83712.438 | AE33: 9.555873 | AF33: 401739 | AG33: 399650 | AH33: Kernel function: Linear; Kernel scale: Automatic; Box constraint level: 1; Multiclass coding: One-vs-One; Standardize data: Yes | AI33: 46305 | AJ33: None | AK33: Disabled | AL33: Default | AM33: Not applicable

Sheet V5
A1: Session: untitled
A2: Training Data: Excel_MultiModal_Dataset1 Observations: 10820
A3: Predictors: 10 Predictor Names: body_temperature, sleep_quality, muscle_activity, step_count, ground_reaction_force, altitude, training_load, fatigue_index, sport_type, age
A4: Response Name: injury_occurred Response Classes: 2 Response Class Names: 0, 1
A5: Validation: 5-fold cross-validation
A6: Test Data: Excel_MultiModal_Dataset1 Observations: 1909
A9: Favorite | B9: Model Number | C9: Model Type | D9: Status | E9: Accuracy % (Validation) | F9: Total Cost (Validation) | G9: Accuracy % (Test) | H9: Total Cost (Test) | I9: Preset | J9: Error Rate % (Validation) | K9: Macro Precision % (Validation) | L9: Micro Precision % (Validation) | M9: Weighted Precision % (Validation) | N9: Macro Recall % (Validation) | O9: Micro Recall % (Validation) | P9: Weighted Recall % (Validation) | Q9: Macro F1 Score % (Validation) | R9: Micro F1 Score % (Validation) | S9: Weighted F1 Score % (Validation) | T9: Error Rate % (Test) | U9: Macro Precision % (Test) | V9: Micro Precision % (Test) | W9: Weighted Precision % (Test) | X9: Macro Recall % (Test) | Y9: Micro Recall % (Test) | Z9: Weighted Recall % (Test) | AA9: Macro F1 Score % (Test) | AB9: Micro F1 Score % (Test) | AC9: Weighted F1 Score % (Test) | AD9: Prediction Speed (obs/sec) | AE9: Training Time (sec) | AF9: Compact Model Size (bytes) | AG9: Coder Model Size (bytes) | AH9: Hyperparameters | AI9: Selected Features | AJ9: Feature Ranking Algorithm | AK9: PCA | AL9: Costs | AM9: Optimizer Options
A10: 0 | B10: 2.1 | C10: Tree | D10: Tested | E10: 85.036969 | F10: 1619 | G10: 85.908853 | H10: 269 | I10: Fine Tree | J10: 14.963031 | K10: 68.459867 | L10: 85.036969 | M10: 81.779061 | N10: 58.6105 | O10: 85.036969 | P10: 85.036969 | Q10: 60.543125 | R10: 85.036969 | S10: 82.367786 | T10: 14.091147 | U10: 71.803894 | V10: 85.908853 | W10: 83.486877 | X10: 62.084507 | Y10: 85.908853 | Z10: 85.908853 | AA10: 64.679296 | AB10: 85.908853 | AC10: 83.914996 | AD10: 720948.83 | AE10: 3.811784 | AF10: 31251 | AG10: 21442 | AH10: Maximum number of splits: 100; Split criterion: Gini's diversity index; Surrogate decision splits: Off | AI10: 46305 | AJ10: None | AK10: Disabled | AL10: Default | AM10: Not applicable
A11: 0 | B11: 2.1 | C11: SVM | D11: Tested | E11: 85.101664 | F11: 1612 | G11: 85.123101 | H11: 284 | I11: Quadratic SVM | J11: 14.898336 | K11: NaN | L11: 85.101664 | M11: NaN | N11: 50 | O11: 85.101664 | P11: 85.101664 | Q11: 45.975634 | R11: 85.101664 | S11: 78.252059 | T11: 14.876899 | U11: NaN | V11: 85.123101 | W11: NaN | X11: 50 | Y11: 85.123101 | Z11: 85.123101 | AA11: 45.98189 | AB11: 85.123101 | AC11: 78.282422 | AD11: 21273.626 | AE11: 62.572848 | AF11: 518403 | AG11: 516410 | AH11: Kernel function: Quadratic; Kernel scale: Automatic; Box constraint level: 1; Multiclass coding: One-vs-One; Standardize data: Yes | AI11: 46305 | AJ11: None | AK11: Disabled | AL11: Default | AM11: Not applicable
A12: 0 | B12: 2.11 | C12: SVM | D12: Tested | E12: 85.591497 | F12: 1559 | G12: 85.646936 | H12: 274 | I12: Cubic SVM | J12: 14.408503 | K12: 76.698257 | L12: 85.591497 | M12: 83.120871 | N12: 52.897699 | O12: 85.591497 | P12: 85.591497 | Q12: 51.863975 | R12: 85.591497 | S12: 80.150853 | T12: 14.353064 | U12: 81.749809 | V12: 85.646936 | W12: 84.54001 | X12: 52.341712 | Y12: 85.646936 | Z12: 85.646936 | AA12: 50.739288 | AB12: 85.646936 | AC12: 79.868818 | AD12: 306064.72 | AE12: 548.01215 | AF12: 432843 | AG12: 430850 | AH12: Kernel function: Cubic; Kernel scale: Automatic; Box constraint level: 1; Multiclass coding: One-vs-One; Standardize data: Yes | AI12: 46305 | AJ12: None | AK12: Disabled | AL12: Default | AM12: Not applicable
A13: 0 | B13: 2.12 | C13: SVM | D13: Tested | E13: 85.101664 | F13: 1612 | G13: 85.123101 | H13: 284 | I13: Fine Gaussian SVM | J13: 14.898336 | K13: NaN | L13: 85.101664 | M13: NaN | N13: 50 | O13: 85.101664 | P13: 85.101664 | Q13: 45.975634 | R13: 85.101664 | S13: 78.252059 | T13: 14.876899 | U13: NaN | V13: 85.123101 | W13: NaN | X13: 50 | Y13: 85.123101 | Z13: 85.123101 | AA13: 45.98189 | AB13: 85.123101 | AC13: 78.282422 | AD13: 5081.7256 | AE13: 42.5735 | AF13: 1298759 | AG13: 1296770 | AH13: Kernel function: Gaussian; Kernel scale: 0.79; Box constraint level: 1; Multiclass coding: One-vs-One; Standardize data: Yes | AI13: 46305 | AJ13: None | AK13: Disabled | AL13: Default | AM13: Not applicable
A14: 0 | B14: 2.13 | C14: SVM | D14: Tested | E14: 85.277264 | F14: 1593 | G14: 85.437402 | H14: 278 | I14: Medium Gaussian SVM | J14: 14.722736 | K14: 73.453636 | L14: 85.277264 | M14: 81.883548 | N14: 51.408124 | O14: 85.277264 | P14: 85.277264 | Q14: 49.015367 | R14: 85.277264 | S14: 79.201161 | T14: 14.562598 | U14: 82.733017 | V14: 85.437402 | W14: 84.652858 | X14: 51.346912 | Y14: 85.437402 | Z14: 85.437402 | AA14: 48.776707 | AB14: 85.437402 | AC14: 79.217569 | AD14: 8199.995 | AE14: 33.77048 | AF14: 492839 | AG14: 490850 | AH14: Kernel function: Gaussian; Kernel scale: 3.2; Box constraint level: 1; Multiclass coding: One-vs-One; Standardize data: Yes | AI14: 46305 | AJ14: None | AK14: Disabled | AL14: Default | AM14: Not applicable
A15: 0 | B15: 2.14 | C15: SVM | D15: Tested | E15: 85.101664 | F15: 1612 | G15: 85.123101 | H15: 284 | I15: Coarse Gaussian SVM | J15: 14.898336 | K15: NaN | L15: 85.101664 | M15: NaN | N15: 50 | O15: 85.101664 | P15: 85.101664 | Q15: 45.975634 | R15: 85.101664 | S15: 78.252059 | T15: 14.876899 | U15: NaN | V15: 85.123101 | W15: NaN | X15: 50 | Y15: 85.123101 | Z15: 85.123101 | AA15: 45.98189 | AB15: 85.123101 | AC15: 78.282422 | AD15: 9387.0564 | AE15: 36.533296 | AF15: 451799 | AG15: 449810 | AH15: Kernel function: Gaussian; Kernel scale: 13; Box constraint level: 1; Multiclass coding: One-vs-One; Standardize data: Yes | AI15: 46305 | AJ15: None | AK15: Disabled | AL15: Default | AM15: Not applicable
A16: 0 | B16: 2.15 | C16: Ensemble | D16: Tested | E16: 85.970425 | F16: 1518 | G16: 86.851755 | H16: 251 | I16: Boosted Trees | J16: 14.029575 | K16: 74.940273 | L16: 85.970425 | M16: 83.232537 | N16: 56.293158 | O16: 85.970425 | P16: 85.970425 | Q16: 57.613413 | R16: 85.970425 | S16: 81.952381 | T16: 13.148245 | U16: 79.21353 | V16: 86.851755 | W16: 85.06325 | X16: 59.151463 | Y16: 86.851755 | Z16: 86.851755 | AA16: 61.79458 | AB16: 86.851755 | AC16: 83.529167 | AD16: 30268.274 | AE16: 13.149196 | AF16: 309556 | AG16: 126761 | AH16: Ensemble method: AdaBoost; Learner type: Decision tree; Maximum number of splits: 20; Number of learners: 30; Learning rate: 0.1; Number of predictors to sample: Select All | AI16: 46305 | AJ16: None | AK16: Disabled | AL16: Default | AM16: Not applicable
A17: 0 | B17: 2.16 | C17: Ensemble | D17: Tested | E17: 85.591497 | F17: 1559 | G17: 86.118387 | H17: 265 | I17: Bagged Trees | J17: 14.408503 | K17: 70.956691 | L17: 85.591497 | M17: 82.46694 | N17: 58.39897 | O17: 85.591497 | P17: 85.591497 | Q17: 60.446754 | R17: 85.591497 | S17: 82.586486 | T17: 13.881613 | U17: 73.370816 | V17: 86.118387 | W17: 83.432318 | X17: 59.592416 | Y17: 86.118387 | Z17: 86.118387 | AA17: 62.074203 | AB17: 86.118387 | AC17: 83.286868 | AD17: 21777.766 | AE17: 29.026977 | AF17: 6773880 | AG17: 4895789 | AH17: Ensemble method: Bag; Learner type: Decision tree; Maximum number of splits: 10819; Number of learners: 30; Number of predictors to sample: Select All | AI17: 46305 | AJ17: None | AK17: Disabled | AL17: Default | AM17: Not applicable
A18: 0 | B18: 2.17 | C18: Ensemble | D18: Tested | E18: 71.219963 | F18: 3114 | G18: 69.931902 | H18: 574 | I18: RUSBoosted Trees | J18: 28.780037 | K18: 62.759918 | L18: 71.219963 | M18: 85.011476 | N18: 73.367613 | O18: 71.219963 | P18: 71.219963 | Q18: 62.393082 | R18: 71.219963 | S18: 75.183808 | T18: 30.068098 | U18: 61.310125 | V18: 69.931902 | W18: 83.847751 | X18: 70.715493 | Y18: 69.931902 | Z18: 69.931902 | AA18: 60.654044 | AB18: 69.931902 | AC18: 74.075411 | AD18: 47310.888 | AE18: 9.57608 | AF18: 294568 | AG18: 113549 | AH18: Ensemble method: RUSBoost; Learner type: Decision tree; Maximum number of splits: 20; Number of learners: 30; Learning rate: 0.1; Number of predictors to sample: Select All | AI18: 46305 | AJ18: None | AK18: Disabled | AL18: Default | AM18: Not applicable
A19: 0 | B19: 2.18 | C19: Neural Network | D19: Tested | E19: 85.64695 | F19: 1553 | G19: 86.32792 | H19: 261 | I19: Narrow Neural Network | J19: 14.35305 | K19: 71.8432 | L19: 85.64695 | M19: 82.372753 | N19: 56.589264 | O19: 85.64695 | P19: 85.64695 | Q19: 58.029827 | R19: 85.64695 | S19: 81.930894 | T19: 13.67208 | U19: 76.259905 | V19: 86.32792 | W19: 83.935407 | X19: 57.826761 | Y19: 86.32792 | Z19: 86.32792 | AA19: 59.876258 | AB19: 86.32792 | AC19: 82.761212 | AD19: 238110.96 | AE19: 30.366054 | AF19: 8084 | AG19: 5630 | AH19: Number of fully connected layers: 1; First layer size: 10; Activation: ReLU; Iteration limit: 1000; Regularization strength (Lambda): 0; Standardize data: Yes | AI19: 46305 | AJ19: None | AK19: Disabled | AL19: Default | AM19: Not applicable
A20: 0 | B20: 2.19 | C20: Neural Network | D20: Tested | E20: 84.593346 | F20: 1667 | G20: 85.437402 | H20: 278 | I20: Medium Neural Network | J20: 15.406654 | K20: 66.516755 | L20: 84.593346 | M20: 80.997854 | N20: 57.55665 | O20: 84.593346 | P20: 84.593346 | Q20: 59.153518 | R20: 84.593346 | S20: 81.783912 | T20: 14.562598 | U20: 70.149464 | V20: 85.437402 | W20: 82.061797 | X20: 57.448971 | Y20: 85.437402 | Z20: 85.437402 | AA20: 59.186816 | AB20: 85.437402 | AC20: 82.179654 | AD20: 209126.58 | AE20: 43.123095 | AF20: 10004 | AG20: 7550 | AH20: Number of fully connected layers: 1; First layer size: 25; Activation: ReLU; Iteration limit: 1000; Regularization strength (Lambda): 0; Standardize data: Yes | AI20: 46305 | AJ20: None | AK20: Disabled | AL20: Default | AM20: Not applicable
A21: 0 | B21: 2.2 | C21: Tree | D21: Tested | E21: 85.656192 | F21: 1552 | G21: 86.118387 | H21: 265 | I21: Medium Tree | J21: 14.343808 | K21: 71.801743 | L21: 85.656192 | M21: 82.406176 | N21: 56.82498 | O21: 85.656192 | P21: 85.656192 | Q21: 58.366869 | R21: 85.656192 | S21: 82.030077 | T21: 13.881613 | U21: 74.46376 | V21: 86.118387 | W21: 83.40987 | X21: 57.848971 | Y21: 86.118387 | Z21: 86.118387 | AA21: 59.861387 | AB21: 86.118387 | AC21: 82.666203 | AD21: 800059.15 | AE21: 0.731023 | AF21: 9855 | AG21: 4998 | AH21: Maximum number of splits: 20; Split criterion: Gini's diversity index; Surrogate decision splits: Off | AI21: 46305 | AJ21: None | AK21: Disabled | AL21: Default | AM21: Not applicable
A22: 0 | B22: 2.2 | C22: Neural Network | D22: Tested | E22: 79.242144 | F22: 2246 | G22: 80.932425 | H22: 364 | I22: Wide Neural Network | J22: 20.757856 | K22: 58.126305 | L22: 79.242144 | M22: 78.647788 | N22: 57.662234 | O22: 79.242144 | P22: 79.242144 | Q22: 57.875307 | R22: 79.242144 | S22: 78.937141 | T22: 19.067575 | U22: 60.17776 | V22: 80.932425 | W22: 79.438664 | X22: 58.580282 | Y22: 80.932425 | Z22: 80.932425 | AA22: 59.216871 | AB22: 80.932425 | AC22: 80.121794 | AD22: 512844.82 | AE22: 94.005886 | AF22: 19604 | AG22: 17150 | AH22: Number of fully connected layers: 1; First layer size: 100; Activation: ReLU; Iteration limit: 1000; Regularization strength (Lambda): 0; Standardize data: Yes | AI22: 46305 | AJ22: None | AK22: Disabled | AL22: Default | AM22: Not applicable
A23: 0 | B23: 2.21 | C23: Neural Network | D23: Tested | E23: 84.824399 | F23: 1642 | G23: 85.542169 | H23: 276 | I23: Bilayered Neural Network | J23: 15.175601 | K23: 67.036925 | L23: 84.824399 | M23: 80.926075 | N23: 56.438624 | O23: 84.824399 | P23: 84.824399 | Q23: 57.741368 | R23: 84.824399 | S23: 81.491392 | T23: 14.457831 | U23: 71.485146 | V23: 85.542169 | W23: 82.045632 | X23: 55.331203 | Y23: 85.542169 | Z23: 85.542169 | AA23: 56.140953 | AB23: 85.542169 | AC23: 81.36618 | AD23: 116840.34 | AE23: 40.37206 | AF23: 9856 | AG23: 6878 | AH23: Number of fully connected layers: 2; First layer size: 10; Second layer size: 10; Activation: ReLU; Iteration limit: 1000; Regularization strength (Lambda): 0; Standardize data: Yes | AI23: 46305 | AJ23: None | AK23: Disabled | AL23: Default | AM23: Not applicable
A24: 0 | B24: 2.22 | C24: Neural Network | D24: Tested | E24: 84.833641 | F24: 1641 | G24: 85.804086 | H24: 271 | I24: Trilayered Neural Network | J24: 15.166359 | K24: 67.180132 | L24: 84.833641 | M24: 81.030169 | N24: 56.751102 | O24: 84.833641 | P24: 84.833641 | Q24: 58.163084 | R24: 84.833641 | S24: 81.613663 | T24: 14.195914 | U24: 71.822067 | V24: 85.804086 | W24: 82.883947 | X24: 59.117226 | Y24: 85.804086 | Z24: 85.804086 | AA24: 61.391373 | AB24: 85.804086 | AC24: 82.957544 | AD24: 433789.04 | AE24: 42.699335 | AF24: 11628 | AG24: 8126 | AH24: Number of fully connected layers: 3; First layer size: 10; Second layer size: 10; Third layer size: 10; Activation: ReLU; Iteration limit: 1000; Regularization strength (Lambda): 0; Standardize data: Yes | AI24: 46305 | AJ24: None | AK24: Disabled | AL24: Default | AM24: Not applicable
A25: 0 | B25: 2.23 | C25: Kernel | D25: Tested | E25: 85.101664 | F25: 1612 | G25: 85.123101 | H25: 284 | I25: SVM Kernel | J25: 14.898336 | K25: NaN | L25: 85.101664 | M25: NaN | N25: 50 | O25: 85.101664 | P25: 85.101664 | Q25: 45.975634 | R25: 85.101664 | S25: 78.252059 | T25: 14.876899 | U25: NaN | V25: 85.123101 | W25: NaN | X25: 50 | Y25: 85.123101 | Z25: 85.123101 | AA25: 45.98189 | AB25: 85.123101 | AC25: 78.282422 | AD25: 31826.899 | AE25: 36.753916 | AF25: 13438 | AG25: 14120 | AH25: Learner: SVM; Number of expansion dimensions: Auto; Regularization strength (Lambda): Auto; Kernel scale: Auto; Multiclass coding: One-vs-One; Standardize data: Yes; Iteration limit: 1000 | AI25: 46305 | AJ25: None | AK25: Disabled | AL25: Default | AM25: Not applicable
A26: 0 | B26: 2.24 | C26: Kernel | D26: Tested | E26: 85.027726 | F26: 1620 | G26: 84.599267 | H26: 294 | I26: Logistic Regression Kernel | J26: 14.972274 | K26: 65.095551 | L26: 85.027726 | M26: 79.293301 | N26: 50.852115 | O26: 85.027726 | P26: 85.027726 | Q26: 48.010856 | R26: 85.027726 | S26: 78.808243 | T26: 15.400733 | U26: 51.952919 | V26: 84.599267 | W26: 75.276708 | X26: 50.128169 | Y26: 84.599267 | Z26: 84.599267 | AA26: 46.821489 | AB26: 84.599267 | AC26: 78.306884 | AD26: 62229.686 | AE26: 32.651166 | AF26: 13480 | AG26: 14120 | AH26: Learner: Logistic Regression; Number of expansion dimensions: Auto; Regularization strength (Lambda): Auto; Kernel scale: Auto; Multiclass coding: One-vs-One; Standardize data: Yes; Iteration limit: 1000 | AI26: 46305 | AJ26: None | AK26: Disabled | AL26: Default | AM26: Not applicable
A27: 0 | B27: 2.3 | C27: Tree | D27: Tested | E27: 85.166359 | F27: 1605 | G27: 85.123101 | H27: 284 | I27: Coarse Tree | J27: 14.833641 | K27: 68.671998 | L27: 85.166359 | M27: 81.148712 | N27: 55.104298 | O27: 85.166359 | P27: 85.166359 | Q27: 55.808796 | R27: 85.166359 | S27: 81.095115 | T27: 14.876899 | U27: NaN | V27: 85.123101 | W27: NaN | X27: 50 | Y27: 85.123101 | Z27: 85.123101 | AA27: 45.98189 | AB27: 85.123101 | AC27: 78.282422 | AD27: 755956.12 | AE27: 1.410122 | AF27: 5063 | AG27: 3374 | AH27: Maximum number of splits: 4; Split criterion: Gini's diversity index; Surrogate decision splits: Off | AI27: 46305 | AJ27: None | AK27: Disabled | AL27: Default | AM27: Not applicable
A28: 0 | B28: 2.4 | C28: Binary GLM Logistic Regression | D28: Tested | E28: 85.64695 | F28: 1553 | G28: 86.01362 | H28: 267 | I28: Binary GLM Logistic Regression | J28: 14.35305 | K28: 72.138529 | L28: 85.64695 | M28: 82.35661 | N28: 56.051931 | O28: 85.64695 | P28: 85.64695 | Q28: 57.240535 | R28: 85.64695 | S28: 81.707609 | T28: 13.98638 | U28: 75.787674 | V28: 86.01362 | W28: 83.427224 | X28: 55.8987 | Y28: 86.01362 | Z28: 86.01362 | AA28: 57.010923 | AB28: 86.01362 | AC28: 81.814887 | AD28: 574127.14 | AE28: 2.860433 | AF28: 2486822 | AG28: 6001 | AH28: None | AI28: 46305 | AJ28: None | AK28: Disabled | AL28: Default | AM28: Not applicable
A29: 0 | B29: 2.5 | C29: Efficient Logistic Regression | D29: Tested | E29: 85.101664 | F29: 1612 | G29: 85.123101 | H29: 284 | I29: Efficient Logistic Regression | J29: 14.898336 | K29: NaN | L29: 85.101664 | M29: NaN | N29: 50 | O29: 85.101664 | P29: 85.101664 | Q29: 45.975634 | R29: 85.101664 | S29: 78.252059 | T29: 14.876899 | U29: NaN | V29: 85.123101 | W29: NaN | X29: 50 | Y29: 85.123101 | Z29: 85.123101 | AA29: 45.98189 | AB29: 85.123101 | AC29: 78.282422 | AD29: 701458.67 | AE29: 1.063063 | AF29: 11632 | AG29: 3496 | AH29: Learner: Logistic regression; Solver: Auto; Regularization: Auto; Regularization strength (Lambda): Auto; Relative coefficient tolerance (Beta tolerance): 0.0001; Multiclass coding: One-vs-One | AI29: 46305 | AJ29: None | AK29: Disabled | AL29: Default | AM29: Not applicable
A30: 0 | B30: 2.6 | C30: Efficient Linear SVM | D30: Tested | E30: 85.101664 | F30: 1612 | G30: 85.123101 | H30: 284 | I30: Efficient Linear SVM | J30: 14.898336 | K30: NaN | L30: 85.101664 | M30: NaN | N30: 50 | O30: 85.101664 | P30: 85.101664 | Q30: 45.975634 | R30: 85.101664 | S30: 78.252059 | T30: 14.876899 | U30: NaN | V30: 85.123101 | W30: NaN | X30: 50 | Y30: 85.123101 | Z30: 85.123101 | AA30: 45.98189 | AB30: 85.123101 | AC30: 78.282422 | AD30: 718173.37 | AE30: 0.732607 | AF30: 11590 | AG30: 3496 | AH30: Learner: SVM; Solver: Auto; Regularization: Auto; Regularization strength (Lambda): Auto; Relative coefficient tolerance (Beta tolerance): 0.0001; Multiclass coding: One-vs-One | AI30: 46305 | AJ30: None | AK30: Disabled | AL30: Default | AM30: Not applicable
A31: 0 | B31: 2.7 | C31: Naive Bayes | D31: Tested | E31: 83.57671 | F31: 1777 | G31: 84.284966 | H31: 300 | I31: Gaussian Naive Bayes | J31: 16.42329 | K31: 64.847173 | L31: 83.57671 | M31: 81.010495 | N31: 59.901884 | O31: 83.57671 | P31: 83.57671 | Q31: 61.429081 | R31: 83.57671 | S31: 81.94785 | T31: 15.715034 | U31: 66.594951 | V31: 84.284966 | W31: 81.637633 | X31: 60.404225 | Y31: 84.284966 | Z31: 84.284966 | AA31: 62.212985 | AB31: 84.284966 | AC31: 82.499843 | AD31: 519418.17 | AE31: 1.078792 | AF31: 8976 | AG31: 7327 | AH31: Distribution name for numeric predictors: Gaussian; Distribution name for categorical predictors: MVMN | AI31: 46305 | AJ31: None | AK31: Disabled | AL31: Default | AM31: Not applicable
A32: 0 | B32: 2.8 | C32: Naive Bayes | D32: Tested | E32: 83.872458 | F32: 1745 | G32: 84.389733 | H32: 298 | I32: Kernel Naive Bayes | J32: 16.127542 | K32: 64.997889 | L32: 83.872458 | M32: 80.826022 | N32: 58.847455 | O32: 83.872458 | P32: 83.872458 | Q32: 60.445156 | R32: 83.872458 | S32: 81.815852 | T32: 15.610267 | U32: 66.253533 | V32: 84.389733 | W32: 81.183333 | X32: 58.722319 | Y32: 84.389733 | Z32: 84.389733 | AA32: 60.46839 | AB32: 84.389733 | AC32: 82.070088 | AD32: 1062.7084 | AE32: 48.83411 | AF32: 3155968 | AG32: 1565693 | AH32: Distribution name for numeric predictors: Kernel; Distribution name for categorical predictors: MVMN; Kernel type: Gaussian; Support: Unbounded; Standardize data: Yes | AI32: 46305 | AJ32: None | AK32: Disabled | AL32: Default | AM32: Not applicable
A33: 0 | B33: 2.9 | C33: SVM | D33: Tested | E33: 85.101664 | F33: 1612 | G33: 85.123101 | H33: 284 | I33: Linear SVM | J33: 14.898336 | K33: NaN | L33: 85.101664 | M33: NaN | N33: 50 | O33: 85.101664 | P33: 85.101664 | Q33: 45.975634 | R33: 85.101664 | S33: 78.252059 | T33: 14.876899 | U33: NaN | V33: 85.123101 | W33: NaN | X33: 50 | Y33: 85.123101 | Z33: 85.123101 | AA33: 45.98189 | AB33: 85.123101 | AC33: 78.282422 | AD33: 83712.438 | AE33: 9.555873 | AF33: 401739 | AG33: 399650 | AH33: Kernel function: Linear; Kernel scale: Automatic; Box constraint level: 1; Multiclass coding: One-vs-One; Standardize data: Yes | AI33: 46305 | AJ33: None | AK33: Disabled | AL33: Default | AM33: Not applicable

Sheet Small
A1: Session: untitled
A2: Training Data: Excel_MultiModal_Dataset1 Observations: 10820
A3: Predictors: 10 Predictor Names: body_temperature, sleep_quality, muscle_activity, step_count, ground_reaction_force, altitude, training_load, fatigue_index, sport_type, age
A4: Response Name: injury_occurred Response Classes: 2 Response Class Names: 0, 1
A5: Validation: 5-fold cross-validation
A6: Test Data: Excel_MultiModal_Dataset1 Observations: 1909
A9: Favorite | B9: Model Number | C9: Model Type | D9: Status | E9: Accuracy % (Validation) | F9: Total Cost (Validation) | G9: Accuracy % (Test) | H9: Total Cost (Test) | I9: Preset | J9: Error Rate % (Validation) | K9: Macro Precision % (Validation) | L9: Micro Precision % (Validation) | M9: Weighted Precision % (Validation) | N9: Macro Recall % (Validation) | O9: Micro Recall % (Validation) | P9: Weighted Recall % (Validation) | Q9: Macro F1 Score % (Validation) | R9: Micro F1 Score % (Validation) | S9: Weighted F1 Score % (Validation) | T9: Error Rate % (Test) | U9: Macro Precision % (Test) | V9: Micro Precision % (Test) | W9: Weighted Precision % (Test) | X9: Macro Recall % (Test) | Y9: Micro Recall % (Test) | Z9: Weighted Recall % (Test) | AA9: Macro F1 Score % (Test) | AB9: Micro F1 Score % (Test) | AC9: Weighted F1 Score % (Test) | AD9: Prediction Speed (obs/sec) | AE9: Training Time (sec) | AF9: Compact Model Size (bytes) | AG9: Coder Model Size (bytes) | AH9: Hyperparameters | AI9: Selected Features | AJ9: Feature Ranking Algorithm | AK9: PCA | AL9: Costs | AM9: Optimizer Options
A10: 0 | B10: 2.1 | C10: Tree | D10: Tested | E10: =MEDIAN('V1'!E10,'V2'!E10,'V3'!E10,'V4'!E10,'V5'!E10) -> 85.036969 | F10: =MEDIAN('V1'!F10,'V2'!F10,'V3'!F10,'V4'!F10,'V5'!F10) -> 1619 | G10: =MEDIAN('V1'!G10,'V2'!G10,'V3'!G10,'V4'!G10,'V5'!G10) -> 85.280251 | H10: =MEDIAN('V1'!H10,'V2'!H10,'V3'!H10,'V4'!H10,'V5'!H10) -> 269 | I10: =MEDIAN('V1'!I10,'V2'!I10,'V3'!I10,'V4'!I10,'V5'!I10) -> 85.101664 | J10: =MEDIAN('V1'!J10,'V2'!J10,'V3'!J10,'V4'!J10,'V5'!J10) -> 15.147874 | K10: =MEDIAN('V1'!K10,'V2'!K10,'V3'!K10,'V4'!K10,'V5'!K10) -> 67.713669 | L10: =MEDIAN('V1'!L10,'V2'!L10,'V3'!L10,'V4'!L10,'V5'!L10) -> 85.036969 | ... AM10: =MEDIAN('V1'!AM10,'V2'!AM10,'V3'!AM10,'V4'!AM10,'V5'!AM10) -> #NUM!
A11: 0 | B11: 2.1 | C11: SVM | D11: Tested | E11: =MEDIAN('V1'!E19,'V2'!F19,'V3'!F19,'V4'!F19,'V5'!F19) -> 1553 | F11: =MEDIAN('V1'!F19,'V2'!F19,'V3'!F19,'V4'!F19,'V5'!F19) -> 1559 | G11: =MEDIAN('V1'!G19,'V2'!G19,'V3'!G19,'V4'!G19,'V5'!G19) -> 86.01362 | H11: =MEDIAN('V1'!H19,'V2'!H19,'V3'!H19,'V4'!H19,'V5'!H19) -> 261 | I11: =MEDIAN('V1'!I19,'V2'!I19,'V3'!I19,'V4'!I19,'V5'!I19) -> 85.443623 | J11: =MEDIAN('V1'!J19,'V2'!J19,'V3'!J19,'V4'!J19,'V5'!J19) -> 14.408503 | K11: =MEDIAN('V1'!K19,'V2'!K19,'V3'!K19,'V4'!K19,'V5'!K19) -> 71.331512 | L11: =MEDIAN('V1'!L19,'V2'!L19,'V3'!L19,'V4'!L19,'V5'!L19) -> 85.591497 | M11: =MEDIAN('V1'!M19,'V2'!M19,'V3'!M19,'V4'!M19,'V5'!M19) -> 82.372753 | ... AM11: =MEDIAN('V1'!AM19,'V2'!AM19,'V3'!AM19,'V4'!AM19,'V5'!AM19) -> #NUM!
A12: 0 | B12: 2.11 | C12: SVM | D12: Tested | E12: =MEDIAN('V1'!E20,'V2'!F20,'V3'!F20,'V4'!F20,'V5'!F20) -> 1667 | F12: =MEDIAN('V1'!F20,'V2'!F20,'V3'!F20,'V4'!F20,'V5'!F20) -> 1667 | G12: =MEDIAN('V1'!G20,'V2'!G20,'V3'!G20,'V4'!G20,'V5'!G20) -> 85.437402 | H12: =MEDIAN('V1'!H20,'V2'!H20,'V3'!H20,'V4'!H20,'V5'!H20) -> 278 | I12: =MEDIAN('V1'!I20,'V2'!I20,'V3'!I20,'V4'!I20,'V5'!I20) -> 84.787431 | J12: =MEDIAN('V1'!J20,'V2'!J20,'V3'!J20,'V4'!J20,'V5'!J20) -> 15.406654 | K12: =MEDIAN('V1'!K20,'V2'!K20,'V3'!K20,'V4'!K20,'V5'!K20) -> 66.516755 | L12: =MEDIAN('V1'!L20,'V2'!L20,'V3'!L20,'V4'!L20,'V5'!L20) -> 84.593346 | M12: =MEDIAN('V1'!M20,'V2'!M20,'V3'!M20,'V4'!M20,'V5'!M20) -> 81.013955 | ... AM12: =MEDIAN('V1'!AM20,'V2'!AM20,'V3'!AM20,'V4'!AM20,'V5'!AM20) -> #NUM!
A13: 0 | B13: 2.12 | C13: SVM | D13: Tested | E13: =MEDIAN('V1'!E21,'V2'!F21,'V3'!F21,'V4'!F21,'V5'!F21) -> 1548 | F13: =MEDIAN('V1'!F21,'V2'!F21,'V3'!F21,'V4'!F21,'V5'!F21) -> 1548 | G13: =MEDIAN('V1'!G21,'V2'!G21,'V3'!G21,'V4'!G21,'V5'!G21) -> 86.118387 | H13: =MEDIAN('V1'!H21,'V2'!H21,'V3'!H21,'V4'!H21,'V5'!H21) -> 265 | I13: =MEDIAN('V1'!I21,'V2'!I21,'V3'!I21,'V4'!I21,'V5'!I21) -> 85.711645 | J13: =MEDIAN('V1'!J21,'V2'!J21,'V3'!J21,'V4'!J21,'V5'!J21) -> 14.343808 | K13: =MEDIAN('V1'!K21,'V2'!K21,'V3'!K21,'V4'!K21,'V5'!K21) -> 71.801743 | L13: =MEDIAN('V1'!L21,'V2'!L21,'V3'!L21,'V4'!L21,'V5'!L21) -> 85.693161 | M13: =MEDIAN('V1'!M21,'V2'!M21,'V3'!M21,'V4'!M21,'V5'!M21) -> 82.546252 | ... AM13: =MEDIAN('V1'!AM21,'V2'!AM21,'V3'!AM21,'V4'!AM21,'V5'!AM21) -> #NUM!
A14: 0 | B14: 2.13 | C14: SVM | D14: Tested | E14: =MEDIAN('V1'!E22,'V2'!F22,'V3'!F22,'V4'!F22,'V5'!F22) -> 2225 | F14: =MEDIAN('V1'!F22,'V2'!F22,'V3'!F22,'V4'!F22,'V5'!F22) -> 2225 | G14: =MEDIAN('V1'!G22,'V2'!G22,'V3'!G22,'V4'!G22,'V5'!G22) -> 80.618125 | H14: =MEDIAN('V1'!H22,'V2'!H22,'V3'!H22,'V4'!H22,'V5'!H22) -> 364 | I14: =MEDIAN('V1'!I22,'V2'!I22,'V3'!I22,'V4'!I22,'V5'!I22) -> 79.537893 | J14: =MEDIAN('V1'!J22,'V2'!J22,'V3'!J22,'V4'!J22,'V5'!J22) -> 20.757856 | K14: =MEDIAN('V1'!K22,'V2'!K22,'V3'!K22,'V4'!K22,'V5'!K22) -> 58.27098 | L14: =MEDIAN('V1'!L22,'V2'!L22,'V3'!L22,'V4'!L22,'V5'!L22) -> 79.436229 | M14: =MEDIAN('V1'!M22,'V2'!M22,'V3'!M22,'V4'!M22,'V5'!M22) -> 78.809138 | ... AM14: =MEDIAN('V1'!AM22,'V2'!AM22,'V3'!AM22,'V4'!AM22,'V5'!AM22) -> #NUM!
A15: 0 | B15: 2.14 | C15: SVM | D15: Tested | E15: =MEDIAN('V1'!E23,'V2'!F23,'V3'!F23,'V4'!F23,'V5'!F23) -> 1642 | F15: =MEDIAN('V1'!F23,'V2'!F23,'V3'!F23,'V4'!F23,'V5'!F23) -> 1642 | G15: =MEDIAN('V1'!G23,'V2'!G23,'V3'!G23,'V4'!G23,'V5'!G23) -> 85.227868 | H15: =MEDIAN('V1'!H23,'V2'!H23,'V3'!H23,'V4'!H23,'V5'!H23) -> 276 | I15: =MEDIAN('V1'!I23,'V2'!I23,'V3'!I23,'V4'!I23,'V5'!I23) -> 84.916821 | J15: =MEDIAN('V1'!J23,'V2'!J23,'V3'!J23,'V4'!J23,'V5'!J23) -> 15.184843 | K15: =MEDIAN('V1'!K23,'V2'!K23,'V3'!K23,'V4'!K23,'V5'!K23) -> 67.036925 | L15: =MEDIAN('V1'!L23,'V2'!L23,'V3'!L23,'V4'!L23,'V5'!L23) -> 84.824399 | M15: =MEDIAN('V1'!M23,'V2'!M23,'V3'!M23,'V4'!M23,'V5'!M23) -> 80.926075 | ... AM15: =MEDIAN('V1'!AM23,'V2'!AM23,'V3'!AM23,'V4'!AM23,'V5'!AM23) -> #NUM!
A16: 0 | B16: 2.15 | C16: Ensemble | D16: Tested | E16: =MEDIAN('V1'!E24,'V2'!F24,'V3'!F24,'V4'!F24,'V5'!F24) -> 1641 | F16: =MEDIAN('V1'!F24,'V2'!F24,'V3'!F24,'V4'!F24,'V5'!F24) -> 1654 | G16: =MEDIAN('V1'!G24,'V2'!G24,'V3'!G24,'V4'!G24,'V5'!G24) -> 85.437402 | H16: =MEDIAN('V1'!H24,'V2'!H24,'V3'!H24,'V4'!H24,'V5'!H24) -> 271 | I16: =MEDIAN('V1'!I24,'V2'!I24,'V3'!I24,'V4'!I24,'V5'!I24) -> 84.205176 | J16: =MEDIAN('V1'!J24,'V2'!J24,'V3'!J24,'V4'!J24,'V5'!J24) -> 15.286506 | K16: =MEDIAN('V1'!K24,'V2'!K24,'V3'!K24,'V4'!K24,'V5'!K24) -> 66.684454 | L16: =MEDIAN('V1'!L24,'V2'!L24,'V3'!L24,'V4'!L24,'V5'!L24) -> 84.713494 | M16: =MEDIAN('V1'!M24,'V2'!M24,'V3'!M24,'V4'!M24,'V5'!M24) -> 81.030169 | ... AM16: =MEDIAN('V1'!AM24,'V2'!AM24,'V3'!AM24,'V4'!AM24,'V5'!AM24) -> #NUM!
A17: 0 | B17: 2.16 | C17: Ensemble | D17: Tested | E17: =MEDIAN('V1'!E25,'V2'!F25,'V3'!F25,'V4'!F25,'V5'!F25) -> 1612 | F17: =MEDIAN('V1'!F25,'V2'!F25,'V3'!F25,'V4'!F25,'V5'!F25) -> 1612 | G17: =MEDIAN('V1'!G25,'V2'!G25,'V3'!G25,'V4'!G25,'V5'!G25) -> 85.123101 | H17: =MEDIAN('V1'!H25,'V2'!H25,'V3'!H25,'V4'!H25,'V5'!H25) -> 284 | I17: =MEDIAN('V1'!I25,'V2'!I25,'V3'!I25,'V4'!I25,'V5'!I25) -> 85.101664 | J17: =MEDIAN('V1'!J25,'V2'!J25,'V3'!J25,'V4'!J25,'V5'!J25) -> 14.898336 | K17: =MEDIAN('V1'!K25,'V2'!K25,'V3'!K25,'V4'!K25,'V5'!K25) -> 50 | L17: =MEDIAN('V1'!L25,'V2'!L25,'V3'!L25,'V4'!L25,'V5'!L25) -> 85.101664 | M17: =MEDIAN('V1'!M25,'V2'!M25,'V3'!M25,'V4'!M25,'V5'!M25) -> 85.101664 | ... AM17: =MEDIAN('V1'!AM25,'V2'!AM25,'V3'!AM25,'V4'!AM25,'V5'!AM25) -> #NUM!
A18: 0 | B18: 2.17 | C18: Ensemble | D18: Tested | E18: =MEDIAN('V1'!E26,'V2'!F26,'V3'!F26,'V4'!F26,'V5'!F26) -> 1620 | F18: =MEDIAN('V1'!F26,'V2'!F26,'V3'!F26,'V4'!F26,'V5'!F26) -> 1620 | G18: =MEDIAN('V1'!G26,'V2'!G26,'V3'!G26,'V4'!G26,'V5'!G26) -> 84.599267 | H18: =MEDIAN('V1'!H26,'V2'!H26,'V3'!H26,'V4'!H26,'V5'!H26) -> 289 | I18: =MEDIAN('V1'!I26,'V2'!I26,'V3'!I26,'V4'!I26,'V5'!I26) -> 85.295749 | J18: =MEDIAN('V1'!J26,'V2'!J26,'V3'!J26,'V4'!J26,'V5'!J26) -> 14.972274 | K18: =MEDIAN('V1'!K26,'V2'!K26,'V3'!K26,'V4'!K26,'V5'!K26) -> 65.095551 | L18: =MEDIAN('V1'!L26,'V2'!L26,'V3'!L26,'V4'!L26,'V5'!L26) -> 85.027726 | M18: =MEDIAN('V1'!M26,'V2'!M26,'V3'!M26,'V4'!M26,'V5'!M26) -> 79.293301 | ... AM18: =MEDIAN('V1'!AM26,'V2'!AM26,'V3'!AM26,'V4'!AM26,'V5'!AM26) -> #NUM!
A19: 0 | B19: 2.18 | C19: Neural Network | D19: Tested | E19: =MEDIAN('V1'!E27,'V2'!F27,'V3'!F27,'V4'!F27,'V5'!F27) -> 1596 | F19: =MEDIAN('V1'!F27,'V2'!F27,'V3'!F27,'V4'!F27,'V5'!F27) -> 1605 | G19: =MEDIAN('V1'!G27,'V2'!G27,'V3'!G27,'V4'!G27,'V5'!G27) -> 85.123101 | H19: =MEDIAN('V1'!H27,'V2'!H27,'V3'!H27,'V4'!H27,'V5'!H27) -> 281 | I19: =MEDIAN('V1'!I27,'V2'!I27,'V3'!I27,'V4'!I27,'V5'!I27) -> 85.147874 | J19: =MEDIAN('V1'!J27,'V2'!J27,'V3'!J27,'V4'!J27,'V5'!J27) -> 14.833641 | K19: =MEDIAN('V1'!K27,'V2'!K27,'V3'!K27,'V4'!K27,'V5'!K27) -> 68.671998 | L19: =MEDIAN('V1'!L27,'V2'!L27,'V3'!L27,'V4'!L27,'V5'!L27) -> 85.166359 | M19: =MEDIAN('V1'!M27,'V2'!M27,'V3'!M27,'V4'!M27,'V5'!M27) -> 84.067092 | ... AM19: =MEDIAN('V1'!AM27,'V2'!AM27,'V3'!AM27,'V4'!AM27,'V5'!AM27) -> #NUM!
A20: 0 | B20: 2.19 | C20: Neural Network | D20: Tested | E20: =MEDIAN('V1'!E28,'V2'!F28,'V3'!F28,'V4'!F28,'V5'!F28) -> 1553 | F20: =MEDIAN('V1'!F28,'V2'!F28,'V3'!F28,'V4'!F28,'V5'!F28) -> 1553 | G20: =MEDIAN('V1'!G28,'V2'!G28,'V3'!G28,'V4'!G28,'V5'!G28) -> 86.01362 | H20: =MEDIAN('V1'!H28,'V2'!H28,'V3'!H28,'V4'!H28,'V5'!H28) -> 267 | I20: =MEDIAN('V1'!I28,'V2'!I28,'V3'!I28,'V4'!I28,'V5'!I28) -> 85.674677 | J20: =MEDIAN('V1'!J28,'V2'!J28,'V3'!J28,'V4'!J28,'V5'!J28) -> 14.35305 | K20: =MEDIAN('V1'!K28,'V2'!K28,'V3'!K28,'V4'!K28,'V5'!K28) -> 72.138529 | L20: =MEDIAN('V1'!L28,'V2'!L28,'V3'!L28,'V4'!L28,'V5'!L28) -> 85.64695 | M20: =MEDIAN('V1'!M28,'V2'!M28,'V3'!M28,'V4'!M28,'V5'!M28) -> 82.35661 | ... AM20: =MEDIAN('V1'!AM28,'V2'!AM28,'V3'!AM28,'V4'!AM28,'V5'!AM28) -> #NUM!
A21: 0 | B21: 2.2 | C21: Tree | D21: Tested | E21: =MEDIAN('V1'!E11,'V2'!F11,'V3'!F11,'V4'!F11,'V5'!F11) -> 1612 | F21: =MEDIAN('V1'!F11,'V2'!F11,'V3'!F11,'V4'!F11,'V5'!F11) -> 1612 | G21: =MEDIAN('V1'!G11,'V2'!G11,'V3'!G11,'V4'!G11,'V5'!G11) -> 85.123101 | H21: =MEDIAN('V1'!H11,'V2'!H11,'V3'!H11,'V4'!H11,'V5'!H11) -> 284 | I21: =MEDIAN('V1'!I11,'V2'!I11,'V3'!I11,'V4'!I11,'V5'!I11) -> 85.101664 | J21: =MEDIAN('V1'!J11,'V2'!J11,'V3'!J11,'V4'!J11,'V5'!J11) -> 14.898336 | K21: =MEDIAN('V1'!K11,'V2'!K11,'V3'!K11,'V4'!K11,'V5'!K11) -> 50 | L21: =MEDIAN('V1'!L11,'V2'!L11,'V3'!L11,'V4'!L11,'V5'!L11) -> 85.101664 | M21: =MEDIAN('V1'!M11,'V2'!M11,'V3'!M11,'V4'!M11,'V5'!M11) -> 85.101664 | ... AM21: =MEDIAN('V1'!AM11,'V2'!AM11,'V3'!AM11,'V4'!AM11,'V5'!AM11) -> #NUM!
A22: 0 | B22: 2.2 | C22: Neural Network | D22: Tested | E22: =MEDIAN('V1'!E29,'V2'!F29,'V3'!F29,'V4'!F29,'V5'!F29) -> 1612 | F22: =MEDIAN('V1'!F29,'V2'!F29,'V3'!F29,'V4'!F29,'V5'!F29) -> 1612 | G22: =MEDIAN('V1'!G29,'V2'!G29,'V3'!G29,'V4'!G29,'V5'!G29) -> 85.123101 | H22: =MEDIAN('V1'!H29,'V2'!H29,'V3'!H29,'V4'!H29,'V5'!H29) -> 284 | I22: =MEDIAN('V1'!I29,'V2'!I29,'V3'!I29,'V4'!I29,'V5'!I29) -> 85.101664 | J22: =MEDIAN('V1'!J29,'V2'!J29,'V3'!J29,'V4'!J29,'V5'!J29) -> 14.898336 | K22: =MEDIAN('V1'!K29,'V2'!K29,'V3'!K29,'V4'!K29,'V5'!K29) -> 50 | L22: =MEDIAN('V1'!L29,'V2'!L29,'V3'!L29,'V4'!L29,'V5'!L29) -> 85.101664 | M22: =MEDIAN('V1'!M29,'V2'!M29,'V3'!M29,'V4'!M29,'V5'!M29) -> 85.101664 | ... AM22: =MEDIAN('V1'!AM29,'V2'!AM29,'V3'!AM29,'V4'!AM29,'V5'!AM29) -> #NUM!
A23: 0 | B23: 2.21 | C23: Neural Network | D23: Tested | E23: =MEDIAN('V1'!E30,'V2'!F30,'V3'!F30,'V4'!F30,'V5'!F30) -> 1612 | F23: =MEDIAN('V1'!F30,'V2'!F30,'V3'!F30,'V4'!F30,'V5'!F30) -> 1612 | G23: =MEDIAN('V1'!G30,'V2'!G30,'V3'!G30,'V4'!G30,'V5'!G30) -> 85.123101 | H23: =MEDIAN('V1'!H30,'V2'!H30,'V3'!H30,'V4'!H30,'V5'!H30) -> 284 | I23: =MEDIAN('V1'!I30,'V2'!I30,'V3'!I30,'V4'!I30,'V5'!I30) -> 85.101664 | J23: =MEDIAN('V1'!J30,'V2'!J30,'V3'!J30,'V4'!J30,'V5'!J30) -> 14.898336 | K23: =MEDIAN('V1'!K30,'V2'!K30,'V3'!K30,'V4'!K30,'V5'!K30) -> 50 | L23: =MEDIAN('V1'!L30,'V2'!L30,'V3'!L30,'V4'!L30,'V5'!L30) -> 85.101664 | M23: =MEDIAN('V1'!M30,'V2'!M30,'V3'!M30,'V4'!M30,'V5'!M30) -> 85.101664 | ... AM23: =MEDIAN('V1'!AM30,'V2'!AM30,'V3'!AM30,'V4'!AM30,'V5'!AM30) -> #NUM!
A24: 0 | B24: 2.22 | C24: Neural Network | D24: Tested | E24: =MEDIAN('V1'!E31,'V2'!F31,'V3'!F31,'V4'!F31,'V5'!F31) -> 1764 | F24: =MEDIAN('V1'!F31,'V2'!F31,'V3'!F31,'V4'!F31,'V5'!F31) -> 1776 | G24: =MEDIAN('V1'!G31,'V2'!G31,'V3'!G31,'V4'!G31,'V5'!G31) -> 83.918282 | H24: =MEDIAN('V1'!H31,'V2'!H31,'V3'!H31,'V4'!H31,'V5'!H31) -> 300 | I24: =MEDIAN('V1'!I31,'V2'!I31,'V3'!I31,'V4'!I31,'V5'!I31) -> 83.585952 | J24: =MEDIAN('V1'!J31,'V2'!J31,'V3'!J31,'V4'!J31,'V5'!J31) -> 16.42329 | K24: =MEDIAN('V1'!K31,'V2'!K31,'V3'!K31,'V4'!K31,'V5'!K31) -> 64.847173 | L24: =MEDIAN('V1'!L31,'V2'!L31,'V3'!L31,'V4'!L31,'V5'!L31) -> 83.585952 | M24: =MEDIAN('V1'!M31,'V2'!M31,'V3'!M31,'V4'!M31,'V5'!M31) -> 81.131994 | ... AM24: =MEDIAN('V1'!AM31,'V2'!AM31,'V3'!AM31,'V4'!AM31,'V5'!AM31) -> #NUM!
A25: 0 | B25: 2.23 | C25: Kernel | D25: Tested | E25: =MEDIAN('V1'!E32,'V2'!F32,'V3'!F32,'V4'!F32,'V5'!F32) -> 1727 | F25: =MEDIAN('V1'!F32,'V2'!F32,'V3'!F32,'V4'!F32,'V5'!F32) -> 1741 | G25: =MEDIAN('V1'!G32,'V2'!G32,'V3'!G32,'V4'!G32,'V5'!G32) -> 83.918282 | H25: =MEDIAN('V1'!H32,'V2'!H32,'V3'!H32,'V4'!H32,'V5'!H32) -> 298 | I25: =MEDIAN('V1'!I32,'V2'!I32,'V3'!I32,'V4'!I32,'V5'!I32) -> 83.909427 | J25: =MEDIAN('V1'!J32,'V2'!J32,'V3'!J32,'V4'!J32,'V5'!J32) -> 16.127542 | K25: =MEDIAN('V1'!K32,'V2'!K32,'V3'!K32,'V4'!K32,'V5'!K32) -> 64.997889 | L25: =MEDIAN('V1'!L32,'V2'!L32,'V3'!L32,'V4'!L32,'V5'!L32) -> 83.909427 | M25: =MEDIAN('V1'!M32,'V2'!M32,'V3'!M32,'V4'!M32,'V5'!M32) -> 81.0114 | ... AM25: =MEDIAN('V1'!AM32,'V2'!AM32,'V3'!AM32,'V4'!AM32,'V5'!AM32) -> #NUM!
A26: 0 | B26: 2.24 | C26: Kernel | D26: Tested | E26: =MEDIAN('V1'!E33,'V2'!F33,'V3'!F33,'V4'!F33,'V5'!F33) -> 1612 | F26: =MEDIAN('V1'!F33,'V2'!F33,'V3'!F33,'V4'!F33,'V5'!F33) -> 1612 | G26: =MEDIAN('V1'!G33,'V2'!G33,'V3'!G33,'V4'!G33,'V5'!G33) -> 85.123101 | H26: =MEDIAN('V1'!H33,'V2'!H33,'V3'!H33,'V4'!H33,'V5'!H33) -> 284 | I26: =MEDIAN('V1'!I33,'V2'!I33,'V3'!I33,'V4'!I33,'V5'!I33) -> 85.101664 | J26: =MEDIAN('V1'!J33,'V2'!J33,'V3'!J33,'V4'!J33,'V5'!J33) -> 14.898336 | K26: =MEDIAN('V1'!K33,'V2'!K33,'V3'!K33,'V4'!K33,'V5'!K33) -> 50 | L26: =MEDIAN('V1'!L33,'V2'!L33,'V3'!L33,'V4'!L33,'V5'!L33) -> 85.101664 | M26: =MEDIAN('V1'!M33,'V2'!M33,'V3'!M33,'V4'!M33,'V5'!M33) -> 85.101664 | ... AM26: =MEDIAN('V1'!AM33,'V2'!AM33,'V3'!AM33,'V4'!AM33,'V5'!AM33) -> #NUM!
A27: 0 | B27: 2.3 | C27: Tree | D27: Tested | E27: =MEDIAN('V1'!E12,'V2'!F12,'V3'!F12,'V4'!F12,'V5'!F12) -> 1559 | F27: =MEDIAN('V1'!F12,'V2'!F12,'V3'!F12,'V4'!F12,'V5'!F12) -> 1560 | G27: =MEDIAN('V1'!G12,'V2'!G12,'V3'!G12,'V4'!G12,'V5'!G12) -> 85.646936 | H27: =MEDIAN('V1'!H12,'V2'!H12,'V3'!H12,'V4'!H12,'V5'!H12) -> 274 | I27: =MEDIAN('V1'!I12,'V2'!I12,'V3'!I12,'V4'!I12,'V5'!I12) -> 85.536044 | J27: =MEDIAN('V1'!J12,'V2'!J12,'V3'!J12,'V4'!J12,'V5'!J12) -> 14.417745 | K27: =MEDIAN('V1'!K12,'V2'!K12,'V3'!K12,'V4'!K12,'V5'!K12) -> 76.698257 | L27: =MEDIAN('V1'!L12,'V2'!L12,'V3'!L12,'V4'!L12,'V5'!L12) -> 85.582255 | M27: =MEDIAN('V1'!M12,'V2'!M12,'V3'!M12,'V4'!M12,'V5'!M12) -> 83.120871 | ... AM27: =MEDIAN('V1'!AM12,'V2'!AM12,'V3'!AM12,'V4'!AM12,'V5'!AM12) -> #NUM!
A28: 0 | B28: 2.4 | C28: Binary GLM Logistic Regression | D28: Tested | E28: =MEDIAN('V1'!E13,'V2'!F13,'V3'!F13,'V4'!F13,'V5'!F13) -> 1612 | F28: =MEDIAN('V1'!F13,'V2'!F13,'V3'!F13,'V4'!F13,'V5'!F13) -> 1612 | G28: =MEDIAN('V1'!G13,'V2'!G13,'V3'!G13,'V4'!G13,'V5'!G13) -> 85.123101 | H28: =MEDIAN('V1'!H13,'V2'!H13,'V3'!H13,'V4'!H13,'V5'!H13) -> 284 | I28: =MEDIAN('V1'!I13,'V2'!I13,'V3'!I13,'V4'!I13,'V5'!I13) -> 85.101664 | J28: =MEDIAN('V1'!J13,'V2'!J13,'V3'!J13,'V4'!J13,'V5'!J13) -> 14.898336 | K28: =MEDIAN('V1'!K13,'V2'!K13,'V3'!K13,'V4'!K13,'V5'!K13) -> 50 | L28: =MEDIAN('V1'!L13,'V2'!L13,'V3'!L13,'V4'!L13,'V5'!L13) -> 85.101664 | M28: =MEDIAN('V1'!M13,'V2'!M13,'V3'!M13,'V4'!M13,'V5'!M13) -> 85.101664 | ... AM28: =MEDIAN('V1'!AM13,'V2'!AM13,'V3'!AM13,'V4'!AM13,'V5'!AM13) -> #NUM!
A29: 0 | B29: 2.5 | C29: Efficient Logistic Regression | D29: Tested | E29: =MEDIAN('V1'!E14,'V2'!F14,'V3'!F14,'V4'!F14,'V5'!F14) -> 1577 | F29: =MEDIAN('V1'!F14,'V2'!F14,'V3'!F14,'V4'!F14,'V5'!F14) -> 1581 | G29: =MEDIAN('V1'!G14,'V2'!G14,'V3'!G14,'V4'!G14,'V5'!G14) -> 85.437402 | H29: =MEDIAN('V1'!H14,'V2'!H14,'V3'!H14,'V4'!H14,'V5'!H14) -> 278 | I29: =MEDIAN('V1'!I14,'V2'!I14,'V3'!I14,'V4'!I14,'V5'!I14) -> 85.38817 | J29: =MEDIAN('V1'!J14,'V2'!J14,'V3'!J14,'V4'!J14,'V5'!J14) -> 14.722736 | K29: =MEDIAN('V1'!K14,'V2'!K14,'V3'!K14,'V4'!K14,'V5'!K14) -> 73.453636 | L29: =MEDIAN('V1'!L14,'V2'!L14,'V3'!L14,'V4'!L14,'V5'!L14) -> 85.38817 | M29: =MEDIAN('V1'!M14,'V2'!M14,'V3'!M14,'V4'!M14,'V5'!M14) -> 82.796862 | ... AM29: =MEDIAN('V1'!AM14,'V2'!AM14,'V3'!AM14,'V4'!AM14,'V5'!AM14) -> #NUM!
A30: 0 | B30: 2.6 | C30: Efficient Linear SVM | D30: Tested | E30: =MEDIAN('V1'!E15,'V2'!F15,'V3'!F15,'V4'!F15,'V5'!F15) -> 1612 | F30: =MEDIAN('V1'!F15,'V2'!F15,'V3'!F15,'V4'!F15,'V5'!F15) -> 1612 | G30: =MEDIAN('V1'!G15,'V2'!G15,'V3'!G15,'V4'!G15,'V5'!G15) -> 85.123101 | H30: =MEDIAN('V1'!H15,'V2'!H15,'V3'!H15,'V4'!H15,'V5'!H15) -> 284 | I30: =MEDIAN('V1'!I15,'V2'!I15,'V3'!I15,'V4'!I15,'V5'!I15) -> 85.101664 | J30: =MEDIAN('V1'!J15,'V2'!J15,'V3'!J15,'V4'!J15,'V5'!J15) -> 14.898336 | K30: =MEDIAN('V1'!K15,'V2'!K15,'V3'!K15,'V4'!K15,'V5'!K15) -> 50 | L30: =MEDIAN('V1'!L15,'V2'!L15,'V3'!L15,'V4'!L15,'V5'!L15) -> 85.101664 | M30: =MEDIAN('V1'!M15,'V2'!M15,'V3'!M15,'V4'!M15,'V5'!M15) -> 85.101664 | ... AM30: =MEDIAN('V1'!AM15,'V2'!AM15,'V3'!AM15,'V4'!AM15,'V5'!AM15) -> #NUM!
A31: 0 | B31: 2.7 | C31: Naive Bayes | D31: Tested | E31: =MEDIAN('V1'!E16,'V2'!F16,'V3'!F16,'V4'!F16,'V5'!F16) -> 1501 | F31: =MEDIAN('V1'!F16,'V2'!F16,'V3'!F16,'V4'!F16,'V5'!F16) -> 1505 | G31: =MEDIAN('V1'!G16,'V2'!G16,'V3'!G16,'V4'!G16,'V5'!G16) -> 86.851755 | H31: =MEDIAN('V1'!H16,'V2'!H16,'V3'!H16,'V4'!H16,'V5'!H16) -> 251 | I31: =MEDIAN('V1'!I16,'V2'!I16,'V3'!I16,'V4'!I16,'V5'!I16) -> 86.090573 | J31: =MEDIAN('V1'!J16,'V2'!J16,'V3'!J16,'V4'!J16,'V5'!J16) -> 14.029575 | K31: =MEDIAN('V1'!K16,'V2'!K16,'V3'!K16,'V4'!K16,'V5'!K16) -> 74.940273 | L31: =MEDIAN('V1'!L16,'V2'!L16,'V3'!L16,'V4'!L16,'V5'!L16) -> 86.090573 | M31: =MEDIAN('V1'!M16,'V2'!M16,'V3'!M16,'V4'!M16,'V5'!M16) -> 83.48734 | ... AM31: =MEDIAN('V1'!AM16,'V2'!AM16,'V3'!AM16,'V4'!AM16,'V5'!AM16) -> #NUM!
A32: 0 | B32: 2.8 | C32: Naive Bayes | D32: Tested | E32: =MEDIAN('V1'!E17,'V2'!F17,'V3'!F17,'V4'!F17,'V5'!F17) -> 1559 | F32: =MEDIAN('V1'!F17,'V2'!F17,'V3'!F17,'V4'!F17,'V5'!F17) -> 1559 | G32: =MEDIAN('V1'!G17,'V2'!G17,'V3'!G17,'V4'!G17,'V5'!G17) -> 86.066003 | H32: =MEDIAN('V1'!H17,'V2'!H17,'V3'!H17,'V4'!H17,'V5'!H17) -> 265 | I32: =MEDIAN('V1'!I17,'V2'!I17,'V3'!I17,'V4'!I17,'V5'!I17) -> 85.720887 | J32: =MEDIAN('V1'!J17,'V2'!J17,'V3'!J17,'V4'!J17,'V5'!J17) -> 14.408503 | K32: =MEDIAN('V1'!K17,'V2'!K17,'V3'!K17,'V4'!K17,'V5'!K17) -> 70.956691 | L32: =MEDIAN('V1'!L17,'V2'!L17,'V3'!L17,'V4'!L17,'V5'!L17) -> 85.591497 | M32: =MEDIAN('V1'!M17,'V2'!M17,'V3'!M17,'V4'!M17,'V5'!M17) -> 82.46694 | ... AM32: =MEDIAN('V1'!AM17,'V2'!AM17,'V3'!AM17,'V4'!AM17,'V5'!AM17) -> #NUM!
A33: 0 | B33: 2.9 | C33: SVM | D33: Tested | E33: =MEDIAN('V1'!E18,'V2'!F18,'V3'!F18,'V4'!F18,'V5'!F18) -> 3114 | F33: =MEDIAN('V1'!F18,'V2'!F18,'V3'!F18,'V4'!F18,'V5'!F18) -> 3114 | G33: =MEDIAN('V1'!G18,'V2'!G18,'V3'!G18,'V4'!G18,'V5'!G18) -> 69.931902 | H33: =MEDIAN('V1'!H18,'V2'!H18,'V3'!H18,'V4'!H18,'V5'!H18) -> 547 | I33: =MEDIAN('V1'!I18,'V2'!I18,'V3'!I18,'V4'!I18,'V5'!I18) -> 71.367837 | J33: =MEDIAN('V1'!J18,'V2'!J18,'V3'!J18,'V4'!J18,'V5'!J18) -> 28.780037 | K33: =MEDIAN('V1'!K18,'V2'!K18,'V3'!K18,'V4'!K18,'V5'!K18) -> 62.759918 | L33: =MEDIAN('V1'!L18,'V2'!L18,'V3'!L18,'V4'!L18,'V5'!L18) -> 71.219963 | M33: =MEDIAN('V1'!M18,'V2'!M18,'V3'!M18,'V4'!M18,'V5'!M18) -> 84.75458 | ... AM33: =MEDIAN('V1'!AM18,'V2'!AM18,'V3'!AM18,'V4'!AM18,'V5'!AM18) -> #NUM!
C40: MEDIAN('V1'!F10,'V2'!F10,'V3'!F10,'V4'!F10,'V5'!F10)

Sheet P1
A1: Session: untitled
A2: Training Data: Excel_MultiModal_Dataset1 Observations: 10820
A3: Predictors: 18 Predictor Names: heart_rate, body_temperature, hydration_level, sleep_quality, stress_level, muscle_activity, joint_angles, gait_speed, cadence, step_count, jump_height, ground_reaction_force, altitude, training_load, fatigue_index, sport_type, gender, age
A4: Response Name: injury_occurred Response Classes: 2 Response Class Names: 0, 1
A5: Validation: 5-fold cross-validation
A6: Test Data: Excel_MultiModal_Dataset1 Observations: 1909
A9: Favorite | B9: Model Number | C9: Status | D9: Model Type | E9: Accuracy % (Validation) | F9: Total Cost (Validation) | G9: Error Rate % (Validation) | H9: Macro Precision % (Validation) | I9: Micro Precision % (Validation) | J9: Weighted Precision % (Validation) | K9: Macro Recall % (Validation) | L9: Micro Recall % (Validation) | M9: Weighted Recall % (Validation) | N9: Macro F1 Score % (Validation) | O9: Micro F1 Score % (Validation) | P9: Weighted F1 Score % (Validation) | Q9: Accuracy % (Test) | R9: Total Cost (Test) | S9: Error Rate % (Test) | T9: Macro Precision % (Test) | U9: Micro Precision % (Test) | V9: Weighted Precision % (Test) | W9: Macro Recall % (Test) | X9: Micro Recall % (Test) | Y9: Weighted Recall % (Test) | Z9: Macro F1 Score % (Test) | AA9: Micro F1 Score % (Test) | AB9: Weighted F1 Score % (Test) | AC9: Prediction Speed (obs/sec) | AD9: Training Time (sec) | AE9: Compact Model Size (bytes) | AF9: Coder Model Size (bytes) | AG9: Hyperparameters | AH9: Selected Features | AI9: Feature Ranking Algorithm | AJ9: PCA | AK9: Costs | AL9: Optimizer Options
A10: 0 | B10: 2.1 | C10: Tested | D10: Tree | E10: =MEDIAN('P1'!E1,) -> 0 | F10: 1630 | G10: 15.064695 | H10: 68.32392 | I10: 84.935305 | J10: 81.985687 | K10: 59.804547 | L10: 84.935305 | M10: 84.935305 | N10: 61.861322 | O10: 84.935305 | P10: 82.687127 | Q10: 85.594552 | R10: 275 | S10: 14.405448 | T10: 70.711047 | U10: 85.594552 | V10: 82.770733 | W10: 60.156446 | X10: 85.594552 | Y10: 85.594552 | Z10: 62.509204 | AA10: 85.594552 | AB10: 83.17506 | AC10: 543390.92 | AD10: 3.44515 | AE10: 30933 | AF10: 22748 | AG10: Maximum number of splits: 100; Split criterion: Gini's diversity index; Surrogate decision splits: Off | AH10: 18/18 | AI10: None | AJ10: Disabled | AK10: Default | AL10: Not applicable
A11: 0 | B11: 2.1 | C11: Tested | D11: SVM | E11: 85.415896 | F11: 1578 | G11: 14.584104 | H11: 79.553043 | I11: 85.415896 | J11: 83.724478 | K11: 51.540749 | L11: 85.415896 | M11: 85.415896 | N11: 49.19357 | O11: 85.415896 | P11: 79.310119 | Q11: NaN | R11: NaN | S11: NaN | T11: NaN | U11: NaN | V11: NaN | W11: NaN | X11: NaN | Y11: NaN | Z11: NaN | AA11: NaN | AB11: NaN | AC11: 15317.621 | AD11: 106.40946 | AE11: 649033 | AF11: 647888 | AG11: Kernel function: Quadratic; Kernel scale: Automatic; Box constraint level: 1; Multiclass coding: One-vs-One; Standardize data: Yes | AH11: 18/18 | AI11: None | AJ11: Disabled | AK11: Default | AL11: Not applicable
A12: 0 | B12: 2.11 | C12: Tested | D12: SVM | E12: 84.057301 | F12: 1725 | G12: 15.942699 | H12: 65.582389 | I12: 84.057301 | J12: 81.054873 | K12: 59.135168 | L12: 84.057301 | M12: 84.057301 | N12: 60.816451 | O12: 84.057301 | P12: 82.001798 | Q12: NaN | R12: NaN | S12: NaN | T12: NaN | U12: NaN | V12: NaN | W12: NaN | X12: NaN | Y12: NaN | Z12: NaN | AA12: NaN | AB12: NaN | AC12: 22969.083 | AD12: 133.97676 | AE12: 683017 | AF12: 681872 | AG12: Kernel function: Cubic; Kernel scale: Automatic; Box constraint level: 1; Multiclass coding: One-vs-One; Standardize data: Yes | AH12: 18/18 | AI12: None | AJ12: Disabled | AK12: Default | AL12: Not applicable
A13: 0 | B13: 2.12 | C13: Tested | D13: SVM | E13: 85.101664 | F13: 1612 | G13: 14.898336 | H13: NaN | I13: 85.101664 | J13: NaN | K13: 50 | L13: 85.101664 | M13: 85.101664 | N13: 45.975634 | O13: 85.101664 | P13: 78.252059 | Q13: 85.123101 | R13: 284 | S13: 14.876899 | T13: NaN | U13: 85.123101 | V13: NaN | W13: 50 | X13: 85.123101 | Y13: 85.123101 | Z13: 45.98189 | AA13: 85.123101 | AB13: 78.282422 | AC13: 5153.9492 | AD13: 52.189258 | AE13: 2084805 | AF13: 2083664 | AG13: Kernel function: Gaussian; Kernel scale: 1.1; Box constraint level: 1; Multiclass coding: One-vs-One; Standardize data: Yes | AH13: 18/18 | AI13: None | AJ13: Disabled | AK13: Default | AL13: Not applicable
A14: 0 | B14: 2.13 | C14: Tested | D14: SVM | E14: 85.508318 | F14: 1568 | G14: 14.491682 | H14: 77.017134 | I14: 85.508318 | J14: 83.113451 | K14: 52.337082 | L14: 85.508318 | M14: 85.508318 | N14: 50.796296 | O14: 85.508318 | P14: 79.809557 | Q14: 85.542169 | R14: 276 | S14: 14.457831 | T14: 76.22458 | U14: 85.542169 | V14: 82.938651 | W14: 52.570748 | X14: 85.542169 | Y14: 85.542169 | Z14: 51.263181 | AA14: 85.542169 | AB14: 79.975313 | AC14: 7242.5498 | AD14: 31.924454 | AE14: 830085 | AF14: 828944 | AG14: Kernel function: Gaussian; Kernel scale: 4.2; Box constraint level: 1; Multiclass coding: One-vs-One; Standardize data: Yes | AH14: 18/18 | AI14: None | AJ14: Disabled | AK14: Default | AL14: Not applicable
A15: 0 | B15: 2.14 | C15: Tested | D15: SVM | E15: 85.101664 | F15: 1612 | G15: 14.898336 | H15: NaN | I15: 85.101664 | J15: NaN | K15: 50 | L15: 85.101664 | M15: 85.101664 | N15: 45.975634 | O15: 85.101664 | P15: 78.252059 | Q15: 85.123101 | R15: 284 | S15: 14.876899 | T15: NaN | U15: 85.123101 | V15: NaN | W15: 50 | X15: 85.123101 | Y15: 85.123101 | Z15: 45.98189 | AA15: 85.123101 | AB15: 78.282422 | AC15: 7871.6098 | AD15: 34.127937 | AE15: 689349 | AF15: 688208 | AG15: Kernel function: Gaussian; Kernel scale: 17; Box constraint level: 1; Multiclass coding: One-vs-One; Standardize data: Yes | AH15: 18/18 | AI15: None | AJ15: Disabled | AK15: Default | AL15: Not applicable
A16: 0 | B16: 2.15 | C16: Tested | D16: Ensemble | E16: 86.312384 | F16: 1481 | G16: 13.687616 | H16: 75.593553 | I16: 86.312384 | J16: 83.839476 | K16: 58.438705 | L16: 86.312384 | M16: 86.312384 | N16: 60.697657 | O16: 86.312384 | P16: 82.972353 | Q16: 86.694605 | R16: 254 | S16: 13.305395 | T16: 76.71763 | U16: 86.694605 | V16: 84.509781 | W16: 60.076165 | X16: 86.694605 | Y16: 86.694605 | Z16: 62.884939 | AA16: 86.694605 | AB16: 83.767059 | AC16: 21927.958 | AD16: 21.029221 | AE16: 359622 | AF16: 174199 | AG16: Ensemble method: AdaBoost; Learner type: Decision tree; Maximum number of splits: 20; Number of learners: 30; Learning rate: 0.1; Number of predictors to sample: Select All | AH16: 18/18 | AI16: None | AJ16: Disabled | AK16: Default | AL16: Not applicable
A17: 0 | B17: 2.16 | C17: Tested | D17: Ensemble | E17: 85.90573 | F17: 1525 | G17: 14.09427 | H17: 72.448958 | I17: 85.90573 | J17: 83.059052 | K17: 59.1721 | L17: 85.90573 | M17: 85.90573 | N17: 61.496167 | O17: 85.90573 | P17: 83.018517 | Q17: 86.17077 | R17: 264 | S17: 13.82923 | T17: 74.065705 | U17: 86.17077 | V17: 83.497949 | W17: 58.89675 | X17: 86.17077 | Y17: 86.17077 | Z17: 61.242156 | AA17: 86.17077 | AB17: 83.077082 | AC17: 14408.378 | AD17: 44.12503 | AE17: 5979810 | AF17: 4368531 | AG17: Ensemble method: Bag; Learner type: Decision tree; Maximum number of splits: 10819; Number of learners: 30; Number of predictors to sample: Select All | AH17: 18/18 | AI17: None | AJ17: Disabled | AK17: Default | AL17: Not applicable
A18: 0 | B18: 2.17 | C18: Tested | D18: Ensemble | E18: 71.377079 | F18: 3097 | G18: 28.622921 | H18: 63.371818 | I18: 71.377079 | J18: 85.645798 | K18: 74.688115 | L18: 71.377079 | M18: 71.377079 | N18: 62.938415 | O18: 71.377079 | P18: 75.353696 | Q18: 72.760608 | R18: 520 | S18: 27.239392 | T18: 64.359004 | U18: 72.760608 | V18: 86.321091 | W18: 76.299783 | X18: 72.760608 | Y18: 72.760608 | Z18: 64.35558 | AA18: 72.760608 | AB18: 76.51431 | AC18: 17561.314 | AD18: 18.297161 | AE18: 335658 | AF18: 141739 | AG18: Ensemble method: RUSBoost; Learner type: Decision tree; Maximum number of splits: 20; Number of learners: 30; Learning rate: 0.1; Number of predictors to sample: Select All | AH18: 18/18 | AI18: None | AJ18: Disabled | AK18: Default | AL18: Not applicable
A19: 0 | B19: 2.18 | C19: Tested | D19: Neural Network | E19: 85.203327 | F19: 1601 | G19: 14.796673 | H19: 69.131056 | I19: 85.203327 | J19: 81.973994 | K19: 58.605892 | L19: 85.203327 | M19: 85.203327 | N19: 60.587675 | O19: 85.203327 | P19: 82.454181 | Q19: 85.227868 | R19: 282 | S19: 14.772132 | T19: 69.130346 | U19: 85.227868 | V19: 81.94149 | W19: 58.342904 | X19: 85.227868 | Y19: 85.227868 | Z19: 60.273542 | AA19: 85.227868 | AB19: 82.391025 | AC19: 56043.882 | AD19: 40.127955 | AE19: 10530 | AF19: 8924 | AG19: Number of fully connected layers: 1; First layer size: 10; Activation: ReLU; Iteration limit: 1000; Regularization strength (Lambda): 0; Standardize data: Yes | AH19: 18/18 | AI19: None | AJ19: Disabled | AK19: Default | AL19: Not applicable
A20: 0 | B20: 2.19 | C20: Tested | D20: Neural Network | E20: 82.948244 | F20: 1845 | G20: 17.051756 | H20: 63.064858 | I20: 82.948244 | J20: 80.263013 | K20: 58.790608 | L20: 82.948244 | M20: 82.948244 | N20: 60.084322 | O20: 82.948244 | P20: 81.292571 | Q20: 84.180199 | R20: 302 | S20: 15.819801 | T20: 66.041105 | U20: 84.180199 | V20: 81.310738 | W20: 59.616251 | X20: 84.180199 | Y20: 84.180199 | Z20: 61.364355 | AA20: 84.180199 | AB20: 82.220556 | AC20: 251668.88 | AD20: 57.323015 | AE20: 13530 | AF20: 11924 | AG20: Number of fully connected layers: 1; First layer size: 25; Activation: ReLU; Iteration limit: 1000; Regularization strength (Lambda): 0; Standardize data: Yes | AH20: 18/18 | AI20: None | AJ20: Disabled | AK20: Default | AL20: Not applicable
A21: 0 | B21: 2.2 | C21: Tested | D21: Tree | E21: 85.471349 | F21: 1572 | G21: 14.528651 | H21: 70.857503 | I21: 85.471349 | J21: 81.918362 | K21: 55.744061 | L21: 85.471349 | M21: 85.471349 | N21: 56.775591 | O21: 85.471349 | P21: 81.500294 | Q21: 85.908853 | R21: 269 | S21: 14.091147 | T21: 74.883483 | U21: 85.908853 | V21: 83.120263 | W21: 55.691874 | X21: 85.908853 | Y21: 85.908853 | Z21: 56.688908 | AA21: 85.908853 | AB21: 81.678669 | AC21: 570916 | AD21: 2.816893 | AE21: 10625 | AF21: 7016 | AG21: Maximum number of splits: 20; Split criterion: Gini's diversity index; Surrogate decision splits: Off | AH21: 18/18 | AI21: None | AJ21: Disabled | AK21: Default | AL21: Not applicable
A22: 0 | B22: 2.2 | C22: Tested | D22: Neural Network | E22: 78.243993 | F22: 2354 | G22: 21.756007 | H22: 59.030142 | I22: 78.243993 | J22: 79.494024 | K22: 60.069502 | L22: 78.243993 | M22: 78.243993 | N22: 59.470564 | O22: 78.243993 | P22: 78.835442 | Q22: 77.160817 | R22: 436 | S22: 22.839183 | T22: 58.209567 | U22: 77.160817 | V22: 79.229936 | W22: 59.706501 | X22: 77.160817 | Y22: 77.160817 | Z22: 58.768408 | AA22: 77.160817 | AB22: 78.112895 | AC22: 222382.08 | AD22: 95.759724 | AE22: 28530 | AF22: 26924 | AG22: Number of fully connected layers: 1; First layer size: 100; Activation: ReLU; Iteration limit: 1000; Regularization strength (Lambda): 0; Standardize data: Yes | AH22: 18/18 | AI22: None | AJ22: Disabled | AK22: Default | AL22: Not applicable
A23: 0 | B23: 2.21 | C23: Tested | D23: Neural Network | E23: 84.454713 | F23: 1682 | G23: 15.545287 | H23: 66.48695 | I23: 84.454713 | J23: 81.219585 | K23: 58.677803 | L23: 84.454713 | M23: 84.454713 | N23: 60.442884 | O23: 84.454713 | P23: 82.079166 | Q23: 85.123101 | R23: 284 | S23: 14.876899 | T23: 68.80258 | U23: 85.123101 | V23: 82.010678 | W23: 59.153088 | X23: 85.123101 | Y23: 85.123101 | Z23: 61.199187 | AA23: 85.123101 | AB23: 82.601434 | AC23: 229753.26 | AD23: 54.462151 | AE23: 12302 | AF23: 10172 | AG23: Number of fully connected layers: 2; First layer size: 10; Second layer size: 10; Activation: ReLU; Iteration limit: 1000; Regularization strength (Lambda): 0; Standardize data: Yes | AH23: 18/18 | AI23: None | AJ23: Disabled | AK23: Default | AL23: Not applicable
A24: 0 | B24: 2.22 | C24: Tested | D24: Neural Network | E24: 84.306839 | F24: 1698 | G24: 15.693161 | H24: 66.060468 | I24: 84.306839 | J24: 81.099469 | K24: 58.693271 | L24: 84.306839 | M24: 84.306839 | N24: 60.414262 | O24: 84.306839 | P24: 82.004557 | Q24: 85.489785 | R24: 277 | S24: 14.510215 | T24: 70.372054 | U24: 85.489785 | V24: 82.248374 | W24: 58.060888 | X24: 85.489785 | Y24: 85.489785 | Z24: 59.991602 | AA24: 85.489785 | AB24: 82.427995 | AC24: 232713.19 | AD24: 69.776714 | AE24: 14074 | AF24: 11420 | AG24: Number of fully connected layers: 3; First layer size: 10; Second layer size: 10; Third layer size: 10; Activation: ReLU; Iteration limit: 1000; Regularization strength (Lambda): 0; Standardize data: Yes | AH24: 18/18 | AI24: None | AJ24: Disabled | AK24: Default | AL24: Not applicable
A25: 0 | B25: 2.23 | C25: Tested | D25: Kernel | E25: 85.120148 | F25: 1610 | G25: 14.879852 | H25: 92.558698 | I25: 85.120148 | J25: 87.334657 | K25: 50.062035 | L25: 85.120148 | M25: 85.120148 | N25: 46.104141 | O25: 85.120148 | P25: 78.296797 | Q25: 85.175485 | R25: 283 | S25: 14.824515 | T25: 92.583857 | U25: 85.175485 | V25: 87.374299 | W25: 50.176056 | X25: 85.175485 | Y25: 85.175485 | Z25: 46.345782 | AA25: 85.175485 | AB25: 78.408979 | AC25: 57536.665 | AD25: 65.589531 | AE25: 19260 | AF25: 27190 | AG25: Learner: SVM; Number of expansion dimensions: Auto; Regularization strength (Lambda): Auto; Kernel scale: Auto; Multiclass coding: One-vs-One; Standardize data: Yes; Iteration limit: 1000 | AH25: 18/18 | AI25: None | AJ25: Disabled | AK25: Default | AL25: Not applicable
A26: 0 | B26: 2.24 | C26: Tested | D26: Kernel | E26: 85.443623 | F26: 1575 | G26: 14.556377 | H26: 71.592795 | I26: 85.443623 | J26: 81.813398 | K26: 54.039009 | L26: 85.443623 | M26: 85.443623 | N26: 54.015684 | O26: 85.443623 | P26: 80.70396 | Q26: 85.123101 | R26: 284 | S26: 14.876899 | T26: 68.053312 | U26: 85.123101 | V26: 80.735078 | W26: 53.777465 | X26: 85.123101 | Y26: 85.123101 | Z26: 53.659979 | AA26: 85.123101 | AB26: 80.482641 | AC26: 58314.066 | AD26: 51.361924 | AE26: 19294 | AF26: 27190 | AG26: Learner: Logistic Regression; Number of expansion dimensions: Auto; Regularization strength (Lambda): Auto; Kernel scale: Auto; Multiclass coding: One-vs-One; Standardize data: Yes; Iteration limit: 1000 | AH26: 18/18 | AI26: None | AJ26: Disabled | AK26: Default | AL26: Not applicable
A27: 0 | B27: 2.3 | C27: Tested | D27: Tree | E27: 85.221811 | F27: 1599 | G27: 14.778189 | H27: 75.9778 | I27: 85.221811 | J27: 82.514526 | K27: 50.735861 | L27: 85.221811 | M27: 85.221811 | N27: 47.575103 | O27: 85.221811 | P27: 78.76328 | Q27: 85.489785 | R27: 277 | S27: 14.510215 | T27: 92.718191 | U27: 85.489785 | V27: 87.602997 | W27: 51.232394 | X27: 85.489785 | Y27: 85.489785 | Z27: 48.478648 | AA27: 85.489785 | AB27: 79.153515 | AC27: 498250.14 | AD27: 0.897466 | AE27: 7481 | AF27: 6088 | AG27: Maximum number of splits: 4; Split criterion: Gini's diversity index; Surrogate decision splits: Off | AH27: 18/18 | AI27: None | AJ27: Disabled | AK27: Default | AL27: Not applicable
A28: 0 | B28: 2.4 | C28: Tested | D28: Binary GLM Logistic Regression | E28: 86.072089 | F28: 1507 | G28: 13.927911 | H28: 73.394451 | I28: 86.072089 | J28: 83.340675 | K28: 59.193079 | L28: 86.072089 | M28: 86.072089 | N28: 61.579383 | O28: 86.072089 | P28: 83.115046 | Q28: 86.537454 | R28: 257 | S28: 13.462546 | T28: 75.713209 | U28: 86.537454 | V28: 84.196735 | W28: 59.983857 | X28: 86.537454 | Y28: 86.537454 | Z28: 62.708184 | AA28: 86.537454 | AB28: 83.648585 | AC28: 190111.4 | AD28: 2.468748 | AE28: 3808698 | AF28: 12647 | AG28: None | AH28: 18/18 | AI28: None | AJ28: Disabled | AK28: Default | AL28: Not applicable
A29: 0 | B29: 2.5 | C29: Tested | D29: Efficient Logistic Regression | E29: 85.101664 | F29: 1612 | G29: 14.898336 | H29: NaN | I29: 85.101664 | J29: NaN | K29: 50 | L29: 85.101664 | M29: 85.101664 | N29: 45.975634 | O29: 85.101664 | P29: 78.252059 | Q29: 85.123101 | R29: 284 | S29: 14.876899 | T29: NaN | U29: 85.123101 | V29: NaN | W29: 50 | X29: 85.123101 | Y29: 85.123101 | Z29: 45.98189 | AA29: 85.123101 | AB29: 78.282422 | AC29: 486139.19 | AD29: 1.109941 | AE29: 13358 | AF29: 5998 | AG29: Learner: Logistic regression; Solver: Auto; Regularization: Auto; Regularization strength (Lambda): Auto; Relative coefficient tolerance (Beta tolerance): 0.0001; Multiclass coding: One-vs-One | AH29: 18/18 | AI29: None | AJ29: Disabled | AK29: Default | AL29: Not applicable
A30: 0 | B30: 2.6 | C30: Tested | D30: Efficient Linear SVM | E30: 85.101664 | F30: 1612 | G30: 14.898336 | H30: NaN | I30: 85.101664 | J30: NaN | K30: 50 | L30: 85.101664 | M30: 85.101664 | N30: 45.975634 | O30: 85.101664 | P30: 78.252059 | Q30: 85.123101 | R30: 284 | S30: 14.876899 | T30: NaN | U30: 85.123101 | V30: NaN | W30: 50 | X30: 85.123101 | Y30: 85.123101 | Z30: 45.98189 | AA30: 85.123101 | AB30: 78.282422 | AC30: 419347.34 | AD30: 0.816262 | AE30: 13316 | AF30: 5998 | AG30: Learner: SVM; Solver: Auto; Regularization: Auto; Regularization strength (Lambda): Auto; Relative coefficient tolerance (Beta tolerance): 0.0001; Multiclass coding: One-vs-One | AH30: 18/18 | AI30: None | AJ30: Disabled | AK30: Default | AL30: Not applicable
A31: 0 | B31: 2.7 | C31: Tested | D31: Naive Bayes | E31: 83.622921 | F31: 1772 | G31: 16.377079 | H31: 64.674766 | I31: 83.622921 | J31: 80.839432 | K31: 59.340527 | L31: 83.622921 | M31: 83.622921 | N31: 60.879251 | O31: 83.622921 | P31: 81.819968 | Q31: 83.918282 | R31: 307 | S31: 16.081718 | T31: 66.481673 | U31: 83.918282 | V31: 82.038887 | W31: 62.368147 | X31: 83.918282 | Y31: 83.918282 | Z31: 63.872267 | AA31: 83.918282 | AB31: 82.77642 | AC31: 272304.01 | AD31: 1.941245 | AE31: 13978 | AF31: 12885 | AG31: Distribution name for numeric predictors: Gaussian; Distribution name for categorical predictors: MVMN | AH31: 18/18 | AI31: None | AJ31: Disabled | AK31: Default | AL31: Not applicable
A32: 0 | B32: 2.8 | C32: Tested | D32: Naive Bayes | E32: 84.057301 | F32: 1725 | G32: 15.942699 | H32: 64.912361 | I32: 84.057301 | J32: 80.566286 | K32: 57.727866 | L32: 84.057301 | M32: 84.057301 | N32: 59.237271 | O32: 84.057301 | P32: 81.567361 | Q32: 84.337349 | R32: 299 | S32: 15.662651 | T32: 66.584367 | U32: 84.337349 | V32: 81.547754 | W32: 59.999133 | X32: 84.337349 | Y32: 84.337349 | Z32: 61.823192 | AA32: 84.337349 | AB32: 82.417657 | AC32: 755.6838 | AD32: 78.467673 | AE32: 5608634 | AF32: 2783317 | AG32: Distribution name for numeric predictors: Kernel; Distribution name for categorical predictors: MVMN; Kernel type: Gaussian; Support: Unbounded; Standardize data: Yes | AH32: 18/18 | AI32: None | AJ32: Disabled | AK32: Default | AL32: Not applicable
A33: 0 | B33: 2.9 | C33: Tested | D33: SVM | E33: 85.101664 | F33: 1612 | G33: 14.898336 | H33: NaN | I33: 85.101664 | J33: NaN | K33: 50 | L33: 85.101664 | M33: 85.101664 | N33: 45.975634 | O33: 85.101664 | P33: 78.252059 | Q33: 85.123101 | R33: 284 | S33: 14.876899 | T33: NaN | U33: 85.123101 | V33: NaN | W33: 50 | X33: 85.123101 | Y33: 85.123101 | Z33: 45.98189 | AA33: 85.123101 | AB33: 78.282422 | AC33: 13517.194 | AD33: 10.612705 | AE33: 643633 | AF33: 642320 | AG33: Kernel function: Linear; Kernel scale: Automatic; Box constraint level: 1; Multiclass coding: One-vs-One; Standardize data: Yes | AH33: 18/18 | AI33: None | AJ33: Disabled | AK33: Default | AL33: Not applicable

Sheet P2
A1: Training Data: Excel_MultiModal_Dataset1 Observations: 10820
A2: Predictors: 18 Predictor Names: heart_rate, body_temperature, hydration_level, sleep_quality, stress_level, muscle_activity, joint_angles, gait_speed, cadence, step_count, jump_height, ground_reaction_force, altitude, training_load, fatigue_index, sport_type, gender, age
A3: Response Name: injury_occurred Response Classes: 2 Response Class Names: 0, 1
A4: Validation: 5-fold cross-validation
A5: Test Data: Excel_MultiModal_Dataset1 Observations: 1909
A9: Favorite | B9: Model Number | C9: Model Type | D9: Status | E9: Accuracy % (Validation) | F9: Total Cost (Validation) | G9: Accuracy % (Test) | H9: Total Cost (Test) | I9: Preset | J9: Error Rate % (Validation) | K9: Macro Precision % (Validation) | L9: Micro Precision % (Validation) | M9: Weighted Precision % (Validation) | N9: Macro Recall % (Validation) | O9: Micro Recall % (Validation) | P9: Weighted Recall % (Validation) | Q9: Macro F1 Score % (Validation) | R9: Micro F1 Score % (Validation) | S9: Weighted F1 Score % (Validation) | T9: Error Rate % (Test) | U9: Macro Precision % (Test) | V9: Micro Precision % (Test) | W9: Weighted Precision % (Test) | X9: Macro Recall % (Test) | Y9: Micro Recall % (Test) | Z9: Weighted Recall % (Test) | AA9: Macro F1 Score % (Test) | AB9: Micro F1 Score % (Test) | AC9: Weighted F1 Score % (Test) | AD9: Prediction Speed (obs/sec) | AE9: Training Time (sec) | AF9: Compact Model Size (bytes) | AG9: Coder Model Size (bytes) | AH9: Hyperparameters | AI9: Selected Features | AJ9: Feature Ranking Algorithm | AK9: PCA | AL9: Costs | AM9: Optimizer Options
A10: 0 | B10: 2.1 | C10: Tree | D10: Tested | E10: 85.055453 | G10: 84.756417 | H10: 291 | I10: Fine Tree | J10: 14.944547 | K10: 68.802136 | L10: 85.055453 | M10: 82.218806 | N10: 60.258948 | O10: 85.055453 | P10: 85.055453 | Q10: 62.397934 | R10: 85.055453 | S10: 82.889244 | T10: 15.243583 | U10: 67.205844 | V10: 84.756417 | W10: 81.324211 | X10: 58.06598 | Y10: 84.756417 | Z10: 84.756417 | AA10: 59.810962 | AB10: 84.756417 | AC10: 82.052887 | AD10: 35975.768 | AE10: 19.8172 | AF10: 33573 | AG10: 25292 | AH10: Maximum number of splits: 100; Split criterion: Gini's diversity index; Surrogate decision splits: Off | AI10: 18/18 | AJ10: None | AK10: Disabled | AL10: Default | AM10: Not applicable
A11: 0 | B11: 2.1 | C11: SVM | D11: Tested | E11: 85.378928 | F11: 1582 | G11: 85.489785 | H11: 277 | I11: Quadratic SVM | J11: 14.621072 | K11: 80.646143 | L11: 85.378928 | M11: 84.004722 | N11: 51.288743 | O11: 85.378928 | P11: 85.378928 | Q11: 48.673789 | R11: 85.378928 | S11: 79.145072 | T11: 14.510215 | U11: 81.2358 | V11: 85.489785 | W11: 84.265324 | X11: 51.668256 | Y11: 85.489785 | Z11: 85.489785 | AA11: 49.433462 | AB11: 85.489785 | AC11: 79.428207 | AD11: 14209.153 | AE11: 118.32949 | AF11: 650761 | AG11: 649616 | AH11: Kernel function: Quadratic; Kernel scale: Automatic; Box constraint level: 1; Multiclass coding: One-vs-One; Standardize data: Yes | AI11: 18/18 | AJ11: None | AK11: Disabled | AL11: Default | AM11: Not applicable
A12: 0 | B12: 2.11 | C12: SVM | D12: Tested | E12: 83.853974 | F12: 1747 | G12: 84.337349 | H12: 299 | I12: Cubic SVM | J12: 16.146026 | K12: 64.74458 | L12: 83.853974 | M12: 80.664185 | N12: 58.427198 | O12: 83.853974 | P12: 83.853974 | Q12: 59.980184 | R12: 83.853974 | S12: 81.679994 | T12: 15.662651 | U12: 65.970449 | V12: 84.337349 | W12: 81.034677 | X12: 58.400975 | Y12: 84.337349 | Z12: 84.337349 | AA12: 60.088369 | AB12: 84.337349 | AC12: 81.941785 | AD12: 11496.72 | AE12: 154.69223 | AF12: 683593 | AG12: 682448 | AH12: Kernel function: Cubic; Kernel scale: Automatic; Box constraint level: 1; Multiclass coding: One-vs-One; Standardize data: Yes | AI12: 18/18 | AJ12: None | AK12: Disabled | AL12: Default | AM12: Not applicable
A13: 0 | B13: 2.12 | C13: SVM | D13: Tested | E13: 85.101664 | F13: 1612 | G13: 85.123101 | H13: 284 | I13: Fine Gaussian SVM | J13: 14.898336 | K13: NaN | L13: 85.101664 | M13: NaN | N13: 50 | O13: 85.101664 | P13: 85.101664 | Q13: 45.975634 | R13: 85.101664 | S13: 78.252059 | T13: 14.876899 | U13: NaN | V13: 85.123101 | W13: NaN | X13: 50 | Y13: 85.123101 | Z13: 85.123101 | AA13: 45.98189 | AB13: 85.123101 | AC13: 78.282422 | AD13: 2856.0033 | AE13: 62.412789 | AF13: 2084805 | AG13: 2083664 | AH13: Kernel function: Gaussian; Kernel scale: 1.1; Box constraint level: 1; Multiclass coding: One-vs-One; Standardize data: Yes | AI13: 18/18 | AJ13: None | AK13: Disabled | AL13: Default | AM13: Not applicable
A14: 0 | B14: 2.13 | C14: SVM | D14: Tested | E14: 85.434381 | F14: 1576 | G14: 85.332635 | H14: 280 | I14: Medium Gaussian SVM | J14: 14.565619 | K14: 75.212159 | L14: 85.434381 | M14: 82.554065 | N14: 52.21688 | O14: 85.434381 | P14: 85.434381 | Q14: 50.597335 | R14: 85.434381 | S14: 79.721504 | T14: 14.667365 | U14: 71.703297 | V14: 85.332635 | W14: 81.545484 | X14: 52.302384 | Y14: 85.332635 | Z14: 85.332635 | AA14: 50.847832 | AB14: 85.332635 | AC14: 79.768483 | AD14: 6823.2913 | AE14: 46.163563 | AF14: 822021 | AG14: 820880 | AH14: Kernel function: Gaussian; Kernel scale: 4.2; Box constraint level: 1; Multiclass coding: One-vs-One; Standardize data: Yes | AI14: 18/18 | AJ14: None | AK14: Disabled | AL14: Default | AM14: Not applicable
A15: 0 | B15: 2.14 | C15: SVM | D15: Tested | E15: 85.101664 | F15: 1612 | G15: 85.123101 | H15: 284 | I15: Coarse Gaussian SVM | J15: 14.898336 | K15: NaN | L15: 85.101664 | M15: NaN | N15: 50 | O15: 85.101664 | P15: 85.101664 | Q15: 45.975634 | R15: 85.101664 | S15: 78.252059 | T15: 14.876899 | U15: NaN | V15: 85.123101 | W15: NaN | X15: 50 | Y15: 85.123101 | Z15: 85.123101 | AA15: 45.98189 | AB15: 85.123101 | AC15: 78.282422 | AD15: 12833.529 | AE15: 44.796357 | AF15: 696261 | AG15: 695120 | AH15: Kernel function: Gaussian; Kernel scale: 17; Box constraint level: 1; Multiclass coding: One-vs-One; Standardize data: Yes | AI15: 18/18 | AJ15: None | AK15: Disabled | AL15: Default | AM15: Not applicable
A16: 0 | B16: 2.15 | C16: Ensemble | D16: Tested | E16: 86.386322 | F16: 1473 | G16: 85.961236 | H16: 268 | I16: Boosted Trees | J16: 13.613678 | K16: 75.724394 | L16: 86.386322 | M16: 83.966609 | N16: 58.891543 | O16: 86.386322 | P16: 86.386322 | Q16: 61.307308 | R16: 86.386322 | S16: 83.176231 | T16: 14.038764 | U16: 72.753455 | V16: 85.961236 | W16: 83.117197 | X16: 58.91896 | Y16: 85.961236 | Z16: 85.961236 | AA16: 61.202012 | AB16: 85.961236 | AC16: 82.973894 | AD16: 12825.832 | AE16: 42.727986 | AF16: 359110 | AG16: 170263 | AH16: Ensemble method: AdaBoost; Learner type: Decision tree; Maximum number of splits: 20; Number of learners: 30; Learning rate: 0.1; Number of predictors to sample: Select All | AI16: 18/18 | AJ16: None | AK16: Disabled | AL16: Default | AM16: Not applicable
A17: 0 | B17: 2.16 | C17: Ensemble | D17: Tested | E17: 85.665434 | F17: 1551 | G17: 85.961236 | H17: 268 | I17: Bagged Trees | J17: 14.334566 | K17: 71.192522 | L17: 85.665434 | M17: 82.708994 | N17: 59.261205 | O17: 85.665434 | P17: 85.665434 | Q17: 61.51873 | R17: 85.665434 | S17: 82.918609 | T17: 14.038764 | U17: 72.369079 | V17: 85.961236 | W17: 83.237942 | X17: 60.081257 | Y17: 85.961236 | Z17: 85.961236 | AA17: 62.579579 | AB17: 85.961236 | AC17: 83.358109 | AD17: 7421.527 | AE17: 58.608246 | AF17: 5945086 | AG17: 4349519 | AH17: Ensemble method: Bag; Learner type: Decision tree; Maximum number of splits: 10819; Number of learners: 30; Number of predictors to sample: Select All | AI17: 18/18 | AJ17: None | AK17: Disabled | AL17: Default | AM17: Not applicable
A18: 0 | B18: 2.17 | C18: Ensemble | D18: Tested | E18: 71.94085 | F18: 3036 | G18: 70.141435 | H18: 570 | I18: RUSBoosted Trees | J18: 28.05915 | K18: 63.280686 | L18: 71.94085 | M18: 85.355386 | N18: 74.200555 | O18: 71.94085 | P18: 71.94085 | Q18: 63.135764 | R18: 71.94085 | S18: 75.783917 | T18: 29.858565 | U18: 62.899857 | V18: 70.141435 | W18: 85.53612 | X18: 74.180173 | Y18: 70.141435 | Z18: 70.141435 | AA18: 61.967539 | AB18: 70.141435 | AC18: 74.35307 | AD18: 23377.763 | AE18: 37.285306 | AF18: 336154 | AG18: 145019 | AH18: Ensemble method: RUSBoost; Learner type: Decision tree; Maximum number of splits: 20; Number of learners: 30; Learning rate: 0.1; Number of predictors to sample: Select All | AI18: 18/18 | AJ18: None | AK18: Disabled | AL18: Default | AM18: Not applicable
A19: 0 | B19: 2.18 | C19: Neural Network | D19: Tested | E19: 85.175601 | F19: 1604 | G19: 85.385018 | H19: 279 | I19: Narrow Neural Network | J19: 14.824399 | K19: 69.010899 | L19: 85.175601 | M19: 81.930414 | N19: 58.564014 | O19: 85.175601 | P19: 85.175601 | Q19: 60.52918 | R19: 85.175601 | S19: 82.425579 | T19: 14.614982 | U19: 69.849303 | V19: 85.385018 | W19: 82.316924 | X19: 59.161647 | Y19: 85.385018 | Z19: 85.385018 | AA19: 61.299696 | AB19: 85.385018 | AC19: 82.746188 | AD19: 201892.04 | AE19: 68.595749 | AF19: 10530 | AG19: 8924 | AH19: Number of fully connected layers: 1; First layer size: 10; Activation: ReLU; Iteration limit: 1000; Regularization strength (Lambda): 0; Standardize data: Yes | AI19: 18/18 | AJ19: None | AK19: Disabled | AL19: Default | AM19: Not applicable
A20: 0 | B20: 2.19 | C20: Neural Network | D20: Tested | E20: 83.290203 | F20: 1808 | G20: 84.4945 | H20: 296 | I20: Medium Neural Network | J20: 16.709797 | K20: 64.419763 | L20: 83.290203 | M20: 80.948806 | N20: 60.168537 | O20: 83.290203 | P20: 83.290203 | Q20: 61.574564 | R20: 83.290203 | S20: 81.853885 | T20: 15.5055 | U20: 67.709892 | V20: 84.4945 | W20: 82.392318 | X20: 62.416035 | Y20: 84.4945 | Z20: 84.4945 | AA20: 64.220876 | AB20: 84.4945 | AC20: 83.140103 | AD20: 102945.65 | AE20: 69.505665 | AF20: 13530 | AG20: 11924 | AH20: Number of fully connected layers: 1; First layer size: 25; Activation: ReLU; Iteration limit: 1000; Regularization strength (Lambda): 0; Standardize data: Yes | AI20: 18/18 | AJ20: None | AK20: Disabled | AL20: Default | AM20: Not applicable
A21: 0 | B21: 2.2 | C21: Tree | D21: Tested | E21: 85.434381 | F21: 1576 | G21: 85.280251 | H21: 281 | I21: Medium Tree | J21: 14.565619 | K21: 70.37351 | L21: 85.434381 | M21: 81.929305 | N21: 56.541135 | O21: 85.434381 | P21: 85.434381 | Q21: 57.942129 | R21: 85.434381 | S21: 81.814002 | T21: 14.719749 | U21: 69.30667 | V21: 85.280251 | W21: 81.568017 | X21: 56.194366 | Y21: 85.280251 | Z21: 85.280251 | AA21: 57.437924 | AB21: 85.280251 | AC21: 81.619635 | AD21: 46777.659 | AE21: 10.82558 | AF21: 11273 | AG21: 7480 | AH21: Maximum number of splits: 20; Split criterion: Gini's diversity index; Surrogate decision splits: Off | AI21: 18/18 | AJ21: None | AK21: Disabled | AL21: Default | AM21: Not applicable
A22: 0 | B22: 2.2 | C22: Neural Network | D22: Tested | E22: 78.780037 | F22: 2296 | G22: 79.151388 | H22: 398 | I22: Wide Neural Network | J22: 21.219963 | K22: 59.417758 | L22: 78.780037 | M22: 79.609393 | N22: 60.15416 | O22: 78.780037 | P22: 78.780037 | Q22: 59.748537 | R22: 78.780037 | S22: 79.179085 | T22: 20.848612 | U22: 60.398344 | V22: 79.151388 | W22: 80.215391 | X22: 61.45688 | Y22: 79.151388 | Z22: 79.151388 | AA22: 60.861319 | AB22: 79.151388 | AC22: 79.655942 | AD22: 200318.44 | AE22: 116.20903 | AF22: 28530 | AG22: 26924 | AH22: Number of fully connected layers: 1; First layer size: 100; Activation: ReLU; Iteration limit: 1000; Regularization strength (Lambda): 0; Standardize data: Yes | AI22: 18/18 | AJ22: None | AK22: Disabled | AL22: Default | AM22: Not applicable
A23: 0 | B23: 2.21 | C23: Neural Network | D23: Tested | E23: 84.426987 | F23: 1685 | G23: 84.599267 | H23: 294 | I23: Bilayered Neural Network | J23: 15.573013 | K23: 66.426707 | L23: 84.426987 | M23: 81.214737 | N23: 58.738275 | O23: 84.426987 | P23: 84.426987 | Q23: 60.50253 | R23: 84.426987 | S23: 82.083123 | T23: 15.400733 | U23: 66.92939 | V23: 84.599267 | W23: 81.404225 | X23: 58.845395 | Y23: 84.599267 | Z23: 84.599267 | AA23: 60.673926 | AB23: 84.599267 | AC23: 82.221194 | AD23: 117940.72 | AE23: 71.140654 | AF23: 12302 | AG23: 10172 | AH23: Number of fully connected layers: 2; First layer size: 10; Second layer size: 10; Activation: ReLU; Iteration limit: 1000; Regularization strength (Lambda): 0; Standardize data: Yes | AI23: 18/18 | AJ23: None | AK23: Disabled | AL23: Default | AM23: Not applicable
A24: 0 | B24: 2.22 | C24: Neural Network | D24: Tested | E24: 83.548983 | F24: 1780 | G24: 84.180199 | H24: 302 | I24: Trilayered Neural Network | J24: 16.451017 | K24: 63.923948 | L24: 83.548983 | M24: 80.385053 | N24: 58.222419 | O24: 83.548983 | P24: 83.548983 | Q24: 59.665864 | R24: 83.548983 | S24: 81.454979 | T24: 15.819801 | U24: 66.319131 | V24: 84.180199 | W24: 81.54589 | X24: 60.342687 | Y24: 84.180199 | Z24: 84.180199 | AA24: 62.106884 | AB24: 84.180199 | AC24: 82.422818 | AD24: 120845.25 | AE24: 78.030128 | AF24: 14074 | AG24: 11420 | AH24: Number of fully connected layers: 3; First layer size: 10; Second layer size: 10; Third layer size: 10; Activation: ReLU; Iteration limit: 1000; Regularization strength (Lambda): 0; Standardize data: Yes | AI24: 18/18 | AJ24: None | AK24: Disabled | AL24: Default | AM24: Not applicable
A25: 0 | B25: 2.23 | C25: Kernel | D25: Tested | E25: 85.101664 | F25: 1612 | G25: 85.123101 | H25: 284 | I25: SVM Kernel | J25: 14.898336 | K25: 67.554077 | L25: 85.101664 | M25: 79.877622 | N25: 50.025587 | O25: 85.101664 | P25: 85.101664 | Q25: 46.03719 | R25: 85.101664 | S25: 78.269836 | T25: 14.876899 | U25: NaN | V25: 85.123101 | W25: NaN | X25: 50 | Y25: 85.123101 | Z25: 85.123101 | AA25: 45.98189 | AB25: 85.123101 | AC25: 78.282422 | AD25: 55573.818 | AE25: 78.944053 | AF25: 19260 | AG25: 27190 | AH25: Learner: SVM; Number of expansion dimensions: Auto; Regularization strength (Lambda): Auto; Kernel scale: Auto; Multiclass coding: One-vs-One; Standardize data: Yes; Iteration limit: 1000 | AI25: 18/18 | AJ25: None | AK25: Disabled | AL25: Default | AM25: Not applicable
A26: 0 | B26: 2.24 | C26: Kernel | D26: Tested | E26: 85.221811 | F26: 1599 | G26: 84.913567 | H26: 288 | I26: Logistic Regression Kernel | J26: 14.778189 | K26: 69.408234 | L26: 85.221811 | M26: 80.987175 | N26: 53.089893 | O26: 85.221811 | P26: 85.221811 | Q26: 52.393658 | R26: 85.221811 | S26: 80.146875 | T26: 15.086433 | U26: 66.076385 | V26: 84.913567 | W26: 80.071211 | X26: 53.363814 | Y26: 84.913567 | Z26: 84.913567 | AA26: 53.007303 | AB26: 84.913567 | AC26: 80.207748 | AD26: 42899.907 | AE26: 55.354902 | AF26: 19294 | AG26: 27190 | AH26: Learner: Logistic Regression; Number of expansion dimensions: Auto; Regularization strength (Lambda): Auto; Kernel scale: Auto; Multiclass coding: One-vs-One; Standardize data: Yes; Iteration limit: 1000 | AI26: 18/18 | AJ26: None | AK26: Disabled | AL26: Default | AM26: Not applicable
A27: 0 | B27: 2.3 | C27: Tree | D27: Tested | E27: 85.166359 | F27: 1605 | G27: 84.65165 | H27: 293 | I27: Coarse Tree | J27: 14.833641 | K27: 68.65456 | L27: 85.166359 | M27: 81.050648 | N27: 54.618139 | O27: 85.166359 | P27: 85.166359 | Q27: 55.04033 | R27: 85.166359 | S27: 80.877218 | T27: 15.34835 | U27: 66.376664 | V27: 84.65165 | W27: 80.834927 | X27: 56.842145 | Y27: 84.65165 | Z27: 84.65165 | AA27: 58.257093 | AB27: 84.65165 | AC27: 81.574024 | AD27: 34072.73 | AE27: 58.229866 | AF27: 7205 | AG27: 5972 | AH27: Maximum number of splits: 4; Split criterion: Gini's diversity index; Surrogate decision splits: Off | AI27: 18/18 | AJ27: None | AK27: Disabled | AL27: Default | AM27: Not applicable
A28: 0 | B28: 2.4 | C28: Binary GLM Logistic Regression | D28: Tested | E28: 86.109057 | F28: 1503 | G28: 86.118387 | H28: 265 | I28: Binary GLM Logistic Regression | J28: 13.890943 | K28: 73.689233 | L28: 86.109057 | M28: 83.401091 | N28: 59.061276 | O28: 86.109057 | P28: 86.109057 | Q28: 61.42989 | R28: 86.109057 | S28: 83.089388 | T28: 13.881613 | U28: 72.98601 | V28: 86.118387 | W28: 83.524919 | X28: 60.609426 | Y28: 86.118387 | Z28: 86.118387 | AA28: 63.241647 | AB28: 86.118387 | AC28: 83.611971 | AD28: 23435.588 | AE28: 55.337079 | AF28: 3808698 | AG28: 12647 | AH28: None | AI28: 18/18 | AJ28: None | AK28: Disabled | AL28: Default | AM28: Not applicable
A29: 0 | B29: 2.5 | C29: Efficient Logistic Regression | D29: Tested | E29: 85.101664 | F29: 1612 | G29: 85.123101 | H29: 284 | I29: Efficient Logistic Regression | J29: 14.898336 | K29: NaN | L29: 85.101664 | M29: NaN | N29: 50 | O29: 85.101664 | P29: 85.101664 | Q29: 45.975634 | R29: 85.101664 | S29: 78.252059 | T29: 14.876899 | U29: NaN | V29: 85.123101 | W29: NaN | X29: 50 | Y29: 85.123101 | Z29: 85.123101 | AA29: 45.98189 | AB29: 85.123101 | AC29: 78.282422 | AD29: 35130.669 | AE29: 53.919227 | AF29: 13358 | AG29: 5998 | AH29: Learner: Logistic regression; Solver: Auto; Regularization: Auto; Regularization strength (Lambda): Auto; Relative coefficient tolerance (Beta tolerance): 0.0001; Multiclass coding: One-vs-One | AI29: 18/18 | AJ29: None | AK29: Disabled | AL29: Default | AM29: Not applicable
A30: 0 | B30: 2.6 | C30: Efficient Linear SVM | D30: Tested | E30: 85.101664 | F30: 1612 | G30: 85.123101 | H30: 284 | I30: Efficient Linear SVM | J30: 14.898336 | K30: NaN | L30: 85.101664 | M30: NaN | N30: 50 | O30: 85.101664 | P30: 85.101664 | Q30: 45.975634 | R30: 85.101664 | S30: 78.252059 | T30: 14.876899 | U30: NaN | V30: 85.123101 | W30: NaN | X30: 50 | Y30: 85.123101 | Z30: 85.123101 | AA30: 45.98189 | AB30: 85.123101 | AC30: 78.282422 | AD30: 42188.828 | AE30: 52.587335 | AF30: 13316 | AG30: 5998 | AH30: Learner: SVM; Solver: Auto; Regularization: Auto; Regularization strength (Lambda): Auto; Relative coefficient tolerance (Beta tolerance): 0.0001; Multiclass coding: One-vs-One | AI30: 18/18 | AJ30: None | AK30: Disabled | AL30: Default | AM30: Not applicable
A31: 0 | B31: 2.7 | C31: Naive Bayes | D31: Tested | E31: 83.650647 | F31: 1769 | G31: 83.813515 | H31: 309 | I31: Gaussian Naive Bayes | J31: 16.349353 | K31: 64.995797 | L31: 83.650647 | M31: 81.050889 | N31: 59.89415 | O31: 83.650647 | P31: 83.650647 | Q31: 61.450442 | R31: 83.650647 | S31: 81.987862 | T31: 16.186485 | U31: 65.525721 | V31: 83.813515 | W31: 81.337411 | X31: 60.417876 | Y31: 83.813515 | Z31: 83.813515 | AA31: 62.025602 | AB31: 83.813515 | AC31: 82.231405 | AD31: 26603.853 | AE31: 51.422308 | AF31: 13978 | AG31: 12885 | AH31: Distribution name for numeric predictors: Gaussian; Distribution name for categorical predictors: MVMN | AI31: 18/18 | AJ31: None | AK31: Disabled | AL31: Default | AM31: Not applicable
A32: 0 | B32: 2.8 | C32: Naive Bayes | D32: Tested | E32: 84.168207 | F32: 1713 | G32: 84.389733 | H32: 298 | I32: Kernel Naive Bayes | J32: 15.831793 | K32: 65.538033 | L32: 84.168207 | M32: 80.883381 | N32: 58.381535 | O32: 84.168207 | P32: 84.168207 | Q32: 60.021112 | R32: 84.168207 | S32: 81.833615 | T32: 15.610267 | U32: 66.420097 | V32: 84.389733 | W32: 81.322559 | X32: 59.15818 | Y32: 84.389733 | Z32: 84.389733 | AA32: 60.950962 | AB32: 84.389733 | AC32: 82.202748 | AD32: 624.39768 | AE32: 93.952249 | AF32: 5608634 | AG32: 2783317 | AH32: Distribution name for numeric predictors: Kernel; Distribution name for categorical predictors: MVMN; Kernel type: Gaussian; Support: Unbounded; Standardize data: Yes | AI32: 18/18 | AJ32: None | AK32: Disabled | AL32: Default | AM32: Not applicable
A33: 0 | B33: 2.9 | C33: SVM | D33: Tested | E33: 85.101664 | F33: 1612 | G33: 85.123101 | H33: 284 | I33: Linear SVM | J33: 14.898336 | K33: NaN | L33: 85.101664 | M33: NaN | N33: 50 | O33: 85.101664 | P33: 85.101664 | Q33: 45.975634 | R33: 85.101664 | S33: 78.252059 | T33: 14.876899 | U33: NaN | V33: 85.123101 | W33: NaN | X33: 50 | Y33: 85.123101 | Z33: 85.123101 | AA33: 45.98189 | AB33: 85.123101 | AC33: 78.282422 | AD33: 13985.164 | AE33: 49.983713 | AF33: 643825 | AG33: 642512 | AH33: Kernel function: Linear; Kernel scale: Automatic; Box constraint level: 1; Multiclass coding: One-vs-One; Standardize data: Yes | AI33: 18/18 | AJ33: None | AK33: Disabled | AL33: Default | AM33: Not applicable

Sheet P3
A1: Session: untitled
A2: Training Data: Excel_MultiModal_Dataset1 Observations: 10820
A3: Predictors: 18 Predictor Names: heart_rate, body_temperature, hydration_level, sleep_quality, stress_level, muscle_activity, joint_angles, gait_speed, cadence, step_count, jump_height, ground_reaction_force, altitude, training_load, fatigue_index, sport_type, gender, age
A4: Response Name: injury_occurred Response Classes: 2 Response Class Names: 0, 1
A5: Validation: 5-fold cross-validation
A6: Test Data: Excel_MultiModal_Dataset1 Observations: 1909
A9: Favorite | B9: Model Number | C9: Status | D9: Model Type | E9: Accuracy % (Validation) | F9: Total Cost (Validation) | G9: Error Rate % (Validation) | H9: Macro Precision % (Validation) | I9: Micro Precision % (Validation) | J9: Weighted Precision % (Validation) | K9: Macro Recall % (Validation) | L9: Micro Recall % (Validation) | M9: Weighted Recall % (Validation) | N9: Macro F1 Score % (Validation) | O9: Micro F1 Score % (Validation) | P9: Weighted F1 Score % (Validation) | Q9: Accuracy % (Test) | R9: Total Cost (Test) | S9: Error Rate % (Test) | T9: Macro Precision % (Test) | U9: Micro Precision % (Test) | V9: Weighted Precision % (Test) | W9: Macro Recall % (Test) | X9: Micro Recall % (Test) | Y9: Weighted Recall % (Test) | Z9: Macro F1 Score % (Test) | AA9: Micro F1 Score % (Test) | AB9: Weighted F1 Score % (Test) | AC9: Prediction Speed (obs/sec) | AD9: Training Time (sec) | AE9: Compact Model Size (bytes) | AF9: Coder Model Size (bytes) | AG9: Hyperparameters | AH9: Selected Features | AI9: Feature Ranking Algorithm | AJ9: PCA | AK9: Costs | AL9: Optimizer Options
A10: 0 | B10: 2.1 | C10: Tested | D10: Tree | E10: 84.935305 | F10: 1630 | G10: 15.064695 | H10: 68.32392 | I10: 84.935305 | J10: 81.985687 | K10: 59.804547 | L10: 84.935305 | M10: 84.935305 | N10: 61.861322 | O10: 84.935305 | P10: 82.687127 | Q10: 85.594552 | R10: 275 | S10: 14.405448 | T10: 70.711047 | U10: 85.594552 | V10: 82.770733 | W10: 60.156446 | X10: 85.594552 | Y10: 85.594552 | Z10: 62.509204 | AA10: 85.594552 | AB10: 83.17506 | AC10: 543390.92 | AD10: 3.44515 | AE10: 30933 | AF10: 22748 | AG10: Maximum number of splits: 100; Split criterion: Gini's diversity index; Surrogate decision splits: Off | AH10: 18/18 | AI10: None | AJ10: Disabled | AK10: Default | AL10: Not applicable
A11: 0 | B11: 2.1 | C11: Tested | D11: SVM | E11: 85.415896 | F11: 1578 | G11: 14.584104 | H11: 79.553043 | I11: 85.415896 | J11: 83.724478 | K11: 51.540749 | L11: 85.415896 | M11: 85.415896 | N11: 49.19357 | O11: 85.415896 | P11: 79.310119 | Q11: NaN | R11: NaN | S11: NaN | T11: NaN | U11: NaN | V11: NaN | W11: NaN | X11: NaN | Y11: NaN | Z11: NaN | AA11: NaN | AB11: NaN | AC11: 15317.621 | AD11: 106.40946 | AE11: 649033 | AF11: 647888 | AG11: Kernel function: Quadratic; Kernel scale: Automatic; Box constraint level: 1; Multiclass coding: One-vs-One; Standardize data: Yes | AH11: 18/18 | AI11: None | AJ11: Disabled | AK11: Default | AL11: Not applicable
A12: 0 | B12: 2.11 | C12: Tested | D12: SVM | E12: 84.057301 | F12: 1725 | G12: 15.942699 | H12: 65.582389 | I12: 84.057301 | J12: 81.054873 | K12: 59.135168 | L12: 84.057301 | M12: 84.057301 | N12: 60.816451 | O12: 84.057301 | P12: 82.001798 | Q12: NaN | R12: NaN | S12: NaN | T12: NaN | U12: NaN | V12: NaN | W12: NaN | X12: NaN | Y12: NaN | Z12: NaN | AA12: NaN | AB12: NaN | AC12: 22969.083 | AD12: 133.97676 | AE12: 683017 | AF12: 681872 | AG12: Kernel function: Cubic; Kernel scale: Automatic; Box constraint level: 1; Multiclass coding: One-vs-One; Standardize data: Yes | AH12: 18/18 | AI12: None | AJ12: Disabled | AK12: Default | AL12: Not applicable
A13: 0 | B13: 2.12 | C13: Tested | D13: SVM | E13: 85.101664 | F13: 1612 | G13: 14.898336 | H13: NaN | I13: 85.101664 | J13: NaN | K13: 50 | L13: 85.101664 | M13: 85.101664 | N13: 45.975634 | O13: 85.101664 | P13: 78.252059 | Q13: 85.123101 | R13: 284 | S13: 14.876899 | T13: NaN | U13: 85.123101 | V13: NaN | W13: 50 | X13: 85.123101 | Y13: 85.123101 | Z13: 45.98189 | AA13: 85.123101 | AB13: 78.282422 | AC13: 5153.9492 | AD13: 52.189258 | AE13: 2084805 | AF13: 2083664 | AG13: Kernel function: Gaussian; Kernel scale: 1.1; Box constraint level: 1; Multiclass coding: One-vs-One; Standardize data: Yes | AH13: 18/18 | AI13: None | AJ13: Disabled | AK13: Default | AL13: Not applicable
A14: 0 | B14: 2.13 | C14: Tested | D14: SVM | E14: 85.508318 | F14: 1568 | G14: 14.491682 | H14: 77.017134 | I14: 85.508318 | J14: 83.113451 | K14: 52.337082 | L14: 85.508318 | M14: 85.508318 | N14: 50.796296 | O14: 85.508318 | P14: 79.809557 | Q14: 85.542169 | R14: 276 | S14: 14.457831 | T14: 76.22458 | U14: 85.542169 | V14: 82.938651 | W14: 52.570748 | X14: 85.542169 | Y14: 85.542169 | Z14: 51.263181 | AA14: 85.542169 | AB14: 79.975313 | AC14: 7242.5498 | AD14: 31.924454 | AE14: 830085 | AF14: 828944 | AG14: Kernel function: Gaussian; Kernel scale: 4.2; Box constraint level: 1; Multiclass coding: One-vs-One; Standardize data: Yes | AH14: 18/18 | AI14: None | AJ14: Disabled | AK14: Default | AL14: Not applicable
A15: 0 | B15: 2.14 | C15: Tested | D15: SVM | E15: 85.101664 | F15: 1612 | G15: 14.898336 | H15: NaN | I15: 85.101664 | J15: NaN | K15: 50 | L15: 85.101664 | M15: 85.101664 | N15: 45.975634 | O15: 85.101664 | P15: 78.252059 | Q15: 85.123101 | R15: 284 | S15: 14.876899 | T15: NaN | U15: 85.123101 | V15: NaN | W15: 50 | X15: 85.123101 | Y15: 85.123101 | Z15: 45.98189 | AA15: 85.123101 | AB15: 78.282422 | AC15: 7871.6098 | AD15: 34.127937 | AE15: 689349 | AF15: 688208 | AG15: Kernel function: Gaussian; Kernel scale: 17; Box constraint level: 1; Multiclass coding: One-vs-One; Standardize data: Yes | AH15: 18/18 | AI15: None | AJ15: Disabled | AK15: Default | AL15: Not applicable
A16: 0 | B16: 2.15 | C16: Tested | D16: Ensemble | E16: 86.312384 | F16: 1481 | G16: 13.687616 | H16: 75.593553 | I16: 86.312384 | J16: 83.839476 | K16: 58.438705 | L16: 86.312384 | M16: 86.312384 | N16: 60.697657 | O16: 86.312384 | P16: 82.972353 | Q16: 86.694605 | R16: 254 | S16: 13.305395 | T16: 76.71763 | U16: 86.694605 | V16: 84.509781 | W16: 60.076165 | X16: 86.694605 | Y16: 86.694605 | Z16: 62.884939 | AA16: 86.694605 | AB16: 83.767059 | AC16: 21927.958 | AD16: 21.029221 | AE16: 359622 | AF16: 174199 | AG16: Ensemble method: AdaBoost; Learner type: Decision tree; Maximum number of splits: 20; Number of learners: 30; Learning rate: 0.1; Number of predictors to sample: Select All | AH16: 18/18 | AI16: None | AJ16: Disabled | AK16: Default | AL16: Not applicable
A17: 0 | B17: 2.16 | C17: Tested | D17: Ensemble | E17: 85.90573 | F17: 1525 | G17: 14.09427 | H17: 72.448958 | I17: 85.90573 | J17: 83.059052 | K17: 59.1721 | L17: 85.90573 | M17: 85.90573 | N17: 61.496167 | O17: 85.90573 | P17: 83.018517 | Q17: 86.17077 | R17: 264 | S17: 13.82923 | T17: 74.065705 | U17: 86.17077 | V17: 83.497949 | W17: 58.89675 | X17: 86.17077 | Y17: 86.17077 | Z17: 61.242156 | AA17: 86.17077 | AB17: 83.077082 | AC17: 14408.378 | AD17: 44.12503 | AE17: 5979810 | AF17: 4368531 | AG17: Ensemble method: Bag; Learner type: Decision tree; Maximum number of splits: 10819; Number of learners: 30; Number of predictors to sample: Select All | AH17: 18/18 | AI17: None | AJ17: Disabled | AK17: Default | AL17: Not applicable
A18: 0 | B18: 2.17 | C18: Tested | D18: Ensemble | E18: 71.377079 | F18: 3097 | G18: 28.622921 | H18: 63.371818 | I18: 71.377079 | J18: 85.645798 | K18: 74.688115 | L18: 71.377079 | M18: 71.377079 | N18: 62.938415 | O18: 71.377079 | P18: 75.353696 | Q18: 72.760608 | R18: 520 | S18: 27.239392 | T18: 64.359004 | U18: 72.760608 | V18: 86.321091 | W18: 76.299783 | X18: 72.760608 | Y18: 72.760608 | Z18: 64.35558 | AA18: 72.760608 | AB18: 76.51431 | AC18: 17561.314 | AD18: 18.297161 | AE18: 335658 | AF18: 141739 | AG18: Ensemble method: RUSBoost; Learner type: Decision tree; Maximum number of splits: 20; Number of learners: 30; Learning rate: 0.1; Number of predictors to sample: Select All | AH18: 18/18 | AI18: None | AJ18: Disabled | AK18: Default | AL18: Not applicable
A19: 0 | B19: 2.18 | C19: Tested | D19: Neural Network | E19: 85.203327 | F19: 1601 | G19: 14.796673 | H19: 69.131056 | I19: 85.203327 | J19: 81.973994 | K19: 58.605892 | L19: 85.203327 | M19: 85.203327 | N19: 60.587675 | O19: 85.203327 | P19: 82.454181 | Q19: 85.227868 | R19: 282 | S19: 14.772132 | T19: 69.130346 | U19: 85.227868 | V19: 81.94149 | W19: 58.342904 | X19: 85.227868 | Y19: 85.227868 | Z19: 60.273542 | AA19: 85.227868 | AB19: 82.391025 | AC19: 56043.882 | AD19: 40.127955 | AE19: 10530 | AF19: 8924 | AG19: Number of fully connected layers: 1; First layer size: 10; Activation: ReLU; Iteration limit: 1000; Regularization strength (Lambda): 0; Standardize data: Yes | AH19: 18/18 | AI19: None | AJ19: Disabled | AK19: Default | AL19: Not applicable
A20: 0 | B20: 2.19 | C20: Tested | D20: Neural Network | E20: 82.948244 | F20: 1845 | G20: 17.051756 | H20: 63.064858 | I20: 82.948244 | J20: 80.263013 | K20: 58.790608 | L20: 82.948244 | M20: 82.948244 | N20: 60.084322 | O20: 82.948244 | P20: 81.292571 | Q20: 84.180199 | R20: 302 | S20: 15.819801 | T20: 66.041105 | U20: 84.180199 | V20: 81.310738 | W20: 59.616251 | X20: 84.180199 | Y20: 84.180199 | Z20: 61.364355 | AA20: 84.180199 | AB20: 82.220556 | AC20: 251668.88 | AD20: 57.323015 | AE20: 13530 | AF20: 11924 | AG20: Number of fully connected layers: 1; First layer size: 25; Activation: ReLU; Iteration limit: 1000; Regularization strength (Lambda): 0; Standardize data: Yes | AH20: 18/18 | AI20: None | AJ20: Disabled | AK20: Default | AL20: Not applicable
A21: 0 | B21: 2.2 | C21: Tested | D21: Tree | E21: 85.471349 | F21: 1572 | G21: 14.528651 | H21: 70.857503 | I21: 85.471349 | J21: 81.918362 | K21: 55.744061 | L21: 85.471349 | M21: 85.471349 | N21: 56.775591 | O21: 85.471349 | P21: 81.500294 | Q21: 85.908853 | R21: 269 | S21: 14.091147 | T21: 74.883483 | U21: 85.908853 | V21: 83.120263 | W21: 55.691874 | X21: 85.908853 | Y21: 85.908853 | Z21: 56.688908 | AA21: 85.908853 | AB21: 81.678669 | AC21: 570916 | AD21: 2.816893 | AE21: 10625 | AF21: 7016 | AG21: Maximum number of splits: 20; Split criterion: Gini's diversity index; Surrogate decision splits: Off | AH21: 18/18 | AI21: None | AJ21: Disabled | AK21: Default | AL21: Not applicable
A22: 0 | B22: 2.2 | C22: Tested | D22: Neural Network | E22: 78.243993 | F22: 2354 | G22: 21.756007 | H22: 59.030142 | I22: 78.243993 | J22: 79.494024 | K22: 60.069502 | L22: 78.243993 | M22: 78.243993 | N22: 59.470564 | O22: 78.243993 | P22: 78.835442 | Q22: 77.160817 | R22: 436 | S22: 22.839183 | T22: 58.209567 | U22: 77.160817 | V22: 79.229936 | W22: 59.706501 | X22: 77.160817 | Y22: 77.160817 | Z22: 58.768408 | AA22: 77.160817 | AB22: 78.112895 | AC22: 222382.08 | AD22: 95.759724 | AE22: 28530 | AF22: 26924 | AG22: Number of fully connected layers: 1; First layer size: 100; Activation: ReLU; Iteration limit: 1000; Regularization strength (Lambda): 0; Standardize data: Yes | AH22: 18/18 | AI22: None | AJ22: Disabled | AK22: Default | AL22: Not applicable
A23: 0 | B23: 2.21 | C23: Tested | D23: Neural Network | E23: 84.454713 | F23: 1682 | G23: 15.545287 | H23: 66.48695 | I23: 84.454713 | J23: 81.219585 | K23: 58.677803 | L23: 84.454713 | M23: 84.454713 | N23: 60.442884 | O23: 84.454713 | P23: 82.079166 | Q23: 85.123101 | R23: 284 | S23: 14.876899 | T23: 68.80258 | U23: 85.123101 | V23: 82.010678 | W23: 59.153088 | X23: 85.123101 | Y23: 85.123101 | Z23: 61.199187 | AA23: 85.123101 | AB23: 82.601434 | AC23: 229753.26 | AD23: 54.462151 | AE23: 12302 | AF23: 10172 | AG23: Number of fully connected layers: 2; First layer size: 10; Second layer size: 10; Activation: ReLU; Iteration limit: 1000; Regularization strength (Lambda): 0; Standardize data: Yes | AH23: 18/18 | AI23: None | AJ23: Disabled | AK23: Default | AL23: Not applicable
A24: 0 | B24: 2.22 | C24: Tested | D24: Neural Network | E24: 84.306839 | F24: 1698 | G24: 15.693161 | H24: 66.060468 | I24: 84.306839 | J24: 81.099469 | K24: 58.693271 | L24: 84.306839 | M24: 84.306839 | N24: 60.414262 | O24: 84.306839 | P24: 82.004557 | Q24: 85.489785 | R24: 277 | S24: 14.510215 | T24: 70.372054 | U24: 85.489785 | V24: 82.248374 | W24: 58.060888 | X24: 85.489785 | Y24: 85.489785 | Z24: 59.991602 | AA24: 85.489785 | AB24: 82.427995 | AC24: 232713.19 | AD24: 69.776714 | AE24: 14074 | AF24: 11420 | AG24: Number of fully connected layers: 3; First layer size: 10; Second layer size: 10; Third layer size: 10; Activation: ReLU; Iteration limit: 1000; Regularization strength (Lambda): 0; Standardize data: Yes | AH24: 18/18 | AI24: None | AJ24: Disabled | AK24: Default | AL24: Not applicable
A25: 0 | B25: 2.23 | C25: Tested | D25: Kernel | E25: 85.120148 | F25: 1610 | G25: 14.879852 | H25: 92.558698 | I25: 85.120148 | J25: 87.334657 | K25: 50.062035 | L25: 85.120148 | M25: 85.120148 | N25: 46.104141 | O25: 85.120148 | P25: 78.296797 | Q25: 85.175485 | R25: 283 | S25: 14.824515 | T25: 92.583857 | U25: 85.175485 | V25: 87.374299 | W25: 50.176056 | X25: 85.175485 | Y25: 85.175485 | Z25: 46.345782 | AA25: 85.175485 | AB25: 78.408979 | AC25: 57536.665 | AD25: 65.589531 | AE25: 19260 | AF25: 27190 | AG25: Learner: SVM; Number of expansion dimensions: Auto; Regularization strength (Lambda): Auto; Kernel scale: Auto; Multiclass coding: One-vs-One; Standardize data: Yes; Iteration limit: 1000 | AH25: 18/18 | AI25: None | AJ25: Disabled | AK25: Default | AL25: Not applicable
A26: 0 | B26: 2.24 | C26: Tested | D26: Kernel | E26: 85.443623 | F26: 1575 | G26: 14.556377 | H26: 71.592795 | I26: 85.443623 | J26: 81.813398 | K26: 54.039009 | L26: 85.443623 | M26: 85.443623 | N26: 54.015684 | O26: 85.443623 | P26: 80.70396 | Q26: 85.123101 | R26: 284 | S26: 14.876899 | T26: 68.053312 | U26: 85.123101 | V26: 80.735078 | W26: 53.777465 | X26: 85.123101 | Y26: 85.123101 | Z26: 53.659979 | AA26: 85.123101 | AB26: 80.482641 | AC26: 58314.066 | AD26: 51.361924 | AE26: 19294 | AF26: 27190 | AG26: Learner: Logistic Regression; Number of expansion dimensions: Auto; Regularization strength (Lambda): Auto; Kernel scale: Auto; Multiclass coding: One-vs-One; Standardize data: Yes; Iteration limit: 1000 | AH26: 18/18 | AI26: None | AJ26: Disabled | AK26: Default | AL26: Not applicable
A27: 0 | B27: 2.3 | C27: Tested | D27: Tree | E27: 85.221811 | F27: 1599 | G27: 14.778189 | H27: 75.9778 | I27: 85.221811 | J27: 82.514526 | K27: 50.735861 | L27: 85.221811 | M27: 85.221811 | N27: 47.575103 | O27: 85.221811 | P27: 78.76328 | Q27: 85.489785 | R27: 277 | S27: 14.510215 | T27: 92.718191 | U27: 85.489785 | V27: 87.602997 | W27: 51.232394 | X27: 85.489785 | Y27: 85.489785 | Z27: 48.478648 | AA27: 85.489785 | AB27: 79.153515 | AC27: 498250.14 | AD27: 0.897466 | AE27: 7481 | AF27: 6088 | AG27: Maximum number of splits: 4; Split criterion: Gini's diversity index; Surrogate decision splits: Off | AH27: 18/18 | AI27: None | AJ27: Disabled | AK27: Default | AL27: Not applicable
A28: 0 | B28: 2.4 | C28: Tested | D28: Binary GLM Logistic Regression | E28: 86.072089 | F28: 1507 | G28: 13.927911 | H28: 73.394451 | I28: 86.072089 | J28: 83.340675 | K28: 59.193079 | L28: 86.072089 | M28: 86.072089 | N28: 61.579383 | O28: 86.072089 | P28: 83.115046 | Q28: 86.537454 | R28: 257 | S28: 13.462546 | T28: 75.713209 | U28: 86.537454 | V28: 84.196735 | W28: 59.983857 | X28: 86.537454 | Y28: 86.537454 | Z28: 62.708184 | AA28: 86.537454 | AB28: 83.648585 | AC28: 190111.4 | AD28: 2.468748 | AE28: 3808698 | AF28: 12647 | AG28: None | AH28: 18/18 | AI28: None | AJ28: Disabled | AK28: Default | AL28: Not applicable
A29: 0 | B29: 2.5 | C29: Tested | D29: Efficient Logistic Regression | E29: 85.101664 | F29: 1612 | G29: 14.898336 | H29: NaN | I29: 85.101664 | J29: NaN | K29: 50 | L29: 85.101664 | M29: 85.101664 | N29: 45.975634 | O29: 85.101664 | P29: 78.252059 | Q29: 85.123101 | R29: 284 | S29: 14.876899 | T29: NaN | U29: 85.123101 | V29: NaN | W29: 50 | X29: 85.123101 | Y29: 85.123101 | Z29: 45.98189 | AA29: 85.123101 | AB29: 78.282422 | AC29: 486139.19 | AD29: 1.109941 | AE29: 13358 | AF29: 5998 | AG29: Learner: Logistic regression; Solver: Auto; Regularization: Auto; Regularization strength (Lambda): Auto; Relative coefficient tolerance (Beta tolerance): 0.0001; Multiclass coding: One-vs-One | AH29: 18/18 | AI29: None | AJ29: Disabled | AK29: Default | AL29: Not applicable
A30: 0 | B30: 2.6 | C30: Tested | D30: Efficient Linear SVM | E30: 85.101664 | F30: 1612 | G30: 14.898336 | H30: NaN | I30: 85.101664 | J30: NaN | K30: 50 | L30: 85.101664 | M30: 85.101664 | N30: 45.975634 | O30: 85.101664 | P30: 78.252059 | Q30: 85.123101 | R30: 284 | S30: 14.876899 | T30: NaN | U30: 85.123101 | V30: NaN | W30: 50 | X30: 85.123101 | Y30: 85.123101 | Z30: 45.98189 | AA30: 85.123101 | AB30: 78.282422 | AC30: 419347.34 | AD30: 0.816262 | AE30: 13316 | AF30: 5998 | AG30: Learner: SVM; Solver: Auto; Regularization: Auto; Regularization strength (Lambda): Auto; Relative coefficient tolerance (Beta tolerance): 0.0001; Multiclass coding: One-vs-One | AH30: 18/18 | AI30: None | AJ30: Disabled | AK30: Default | AL30: Not applicable
A31: 0 | B31: 2.7 | C31: Tested | D31: Naive Bayes | E31: 83.622921 | F31: 1772 | G31: 16.377079 | H31: 64.674766 | I31: 83.622921 | J31: 80.839432 | K31: 59.340527 | L31: 83.622921 | M31: 83.622921 | N31: 60.879251 | O31: 83.622921 | P31: 81.819968 | Q31: 83.918282 | R31: 307 | S31: 16.081718 | T31: 66.481673 | U31: 83.918282 | V31: 82.038887 | W31: 62.368147 | X31: 83.918282 | Y31: 83.918282 | Z31: 63.872267 | AA31: 83.918282 | AB31: 82.77642 | AC31: 272304.01 | AD31: 1.941245 | AE31: 13978 | AF31: 12885 | AG31: Distribution name for numeric predictors: Gaussian; Distribution name for categorical predictors: MVMN | AH31: 18/18 | AI31: None | AJ31: Disabled | AK31: Default | AL31: Not applicable
A32: 0 | B32: 2.8 | C32: Tested | D32: Naive Bayes | E32: 84.057301 | F32: 1725 | G32: 15.942699 | H32: 64.912361 | I32: 84.057301 | J32: 80.566286 | K32: 57.727866 | L32: 84.057301 | M32: 84.057301 | N32: 59.237271 | O32: 84.057301 | P32: 81.567361 | Q32: 84.337349 | R32: 299 | S32: 15.662651 | T32: 66.584367 | U32: 84.337349 | V32: 81.547754 | W32: 59.999133 | X32: 84.337349 | Y32: 84.337349 | Z32: 61.823192 | AA32: 84.337349 | AB32: 82.417657 | AC32: 755.6838 | AD32: 78.467673 | AE32: 5608634 | AF32: 2783317 | AG32: Distribution name for numeric predictors: Kernel; Distribution name for categorical predictors: MVMN; Kernel type: Gaussian; Support: Unbounded; Standardize data: Yes | AH32: 18/18 | AI32: None | AJ32: Disabled | AK32: Default | AL32: Not applicable
A33: 0 | B33: 2.9 | C33: Tested | D33: SVM | E33: 85.101664 | F33: 1612 | G33: 14.898336 | H33: NaN | I33: 85.101664 | J33: NaN | K33: 50 | L33: 85.101664 | M33: 85.101664 | N33: 45.975634 | O33: 85.101664 | P33: 78.252059 | Q33: 85.123101 | R33: 284 | S33: 14.876899 | T33: NaN | U33: 85.123101 | V33: NaN | W33: 50 | X33: 85.123101 | Y33: 85.123101 | Z33: 45.98189 | AA33: 85.123101 | AB33: 78.282422 | AC33: 13517.194 | AD33: 10.612705 | AE33: 643633 | AF33: 642320 | AG33: Kernel function: Linear; Kernel scale: Automatic; Box constraint level: 1; Multiclass coding: One-vs-One; Standardize data: Yes | AH33: 18/18 | AI33: None | AJ33: Disabled | AK33: Default | AL33: Not applicable

Sheet P4
A1: Session: untitled
A2: Training Data: Excel_MultiModal_Dataset1 Observations: 10820
A3: Predictors: 18 Predictor Names: heart_rate, body_temperature, hydration_level, sleep_quality, stress_level, muscle_activity, joint_angles, gait_speed, cadence, step_count, jump_height, ground_reaction_force, altitude, training_load, fatigue_index, sport_type, gender, age
A4: Response Name: injury_occurred Response Classes: 2 Response Class Names: 0, 1
A5: Validation: 5-fold cross-validation
A6: Test Data: Excel_MultiModal_Dataset1 Observations: 1909
A9: Favorite | B9: Model Number | C9: Status | D9: Model Type | E9: Accuracy % (Validation) | F9: Total Cost (Validation) | G9: Error Rate % (Validation) | H9: Macro Precision % (Validation) | I9: Micro Precision % (Validation) | J9: Weighted Precision % (Validation) | K9: Macro Recall % (Validation) | L9: Micro Recall % (Validation) | M9: Weighted Recall % (Validation) | N9: Macro F1 Score % (Validation) | O9: Micro F1 Score % (Validation) | P9: Weighted F1 Score % (Validation) | Q9: Accuracy % (Test) | R9: Total Cost (Test) | S9: Error Rate % (Test) | T9: Macro Precision % (Test) | U9: Micro Precision % (Test) | V9: Weighted Precision % (Test) | W9: Macro Recall % (Test) | X9: Micro Recall % (Test) | Y9: Weighted Recall % (Test) | Z9: Macro F1 Score % (Test) | AA9: Micro F1 Score % (Test) | AB9: Weighted F1 Score % (Test) | AC9: Prediction Speed (obs/sec) | AD9: Training Time (sec) | AE9: Compact Model Size (bytes) | AF9: Coder Model Size (bytes) | AG9: Hyperparameters | AH9: Selected Features | AI9: Feature Ranking Algorithm | AJ9: PCA | AK9: Costs | AL9: Optimizer Options
A10: 0 | B10: 2.1 | C10: Tested | D10: Tree | E10: 84.935305 | F10: 1630 | G10: 15.064695 | H10: 68.32392 | I10: 84.935305 | J10: 81.985687 | K10: 59.804547 | L10: 84.935305 | M10: 84.935305 | N10: 61.861322 | O10: 84.935305 | P10: 82.687127 | Q10: 85.594552 | R10: 275 | S10: 14.405448 | T10: 70.711047 | U10: 85.594552 | V10: 82.770733 | W10: 60.156446 | X10: 85.594552 | Y10: 85.594552 | Z10: 62.509204 | AA10: 85.594552 | AB10: 83.17506 | AC10: 543390.92 | AD10: 3.44515 | AE10: 30933 | AF10: 22748 | AG10: Maximum number of splits: 100; Split criterion: Gini's diversity index; Surrogate decision splits: Off | AH10: 18/18 | AI10: None | AJ10: Disabled | AK10: Default | AL10: Not applicable
A11: 0 | B11: 2.1 | C11: Tested | D11: SVM | E11: 85.415896 | F11: 1578 | G11: 14.584104 | H11: 79.553043 | I11: 85.415896 | J11: 83.724478 | K11: 51.540749 | L11: 85.415896 | M11: 85.415896 | N11: 49.19357 | O11: 85.415896 | P11: 79.310119 | Q11: NaN | R11: NaN | S11: NaN | T11: NaN | U11: NaN | V11: NaN | W11: NaN | X11: NaN | Y11: NaN | Z11: NaN | AA11: NaN | AB11: NaN | AC11: 15317.621 | AD11: 106.40946 | AE11: 649033 | AF11: 647888 | AG11: Kernel function: Quadratic; Kernel scale: Automatic; Box constraint level: 1; Multiclass coding: One-vs-One; Standardize data: Yes | AH11: 18/18 | AI11: None | AJ11: Disabled | AK11: Default | AL11: Not applicable
A12: 0 | B12: 2.11 | C12: Tested | D12: SVM | E12: 84.057301 | F12: 1725 | G12: 15.942699 | H12: 65.582389 | I12: 84.057301 | J12: 81.054873 | K12: 59.135168 | L12: 84.057301 | M12: 84.057301 | N12: 60.816451 | O12: 84.057301 | P12: 82.001798 | Q12: NaN | R12: NaN | S12: NaN | T12: NaN | U12: NaN | V12: NaN | W12: NaN | X12: NaN | Y12: NaN | Z12: NaN | AA12: NaN | AB12: NaN | AC12: 22969.083 | AD12: 133.97676 | AE12: 683017 | AF12: 681872 | AG12: Kernel function: Cubic; Kernel scale: Automatic; Box constraint level: 1; Multiclass coding: One-vs-One; Standardize data: Yes | AH12: 18/18 | AI12: None | AJ12: Disabled | AK12: Default | AL12: Not applicable
A13: 0 | B13: 2.12 | C13: Tested | D13: SVM | E13: 85.101664 | F13: 1612 | G13: 14.898336 | H13: NaN | I13: 85.101664 | J13: NaN | K13: 50 | L13: 85.101664 | M13: 85.101664 | N13: 45.975634 | O13: 85.101664 | P13: 78.252059 | Q13: 85.123101 | R13: 284 | S13: 14.876899 | T13: NaN | U13: 85.123101 | V13: NaN | W13: 50 | X13: 85.123101 | Y13: 85.123101 | Z13: 45.98189 | AA13: 85.123101 | AB13: 78.282422 | AC13: 5153.9492 | AD13: 52.189258 | AE13: 2084805 | AF13: 2083664 | AG13: Kernel function: Gaussian; Kernel scale: 1.1; Box constraint level: 1; Multiclass coding: One-vs-One; Standardize data: Yes | AH13: 18/18 | AI13: None | AJ13: Disabled | AK13: Default | AL13: Not applicable
A14: 0 | B14: 2.13 | C14: Tested | D14: SVM | E14: 85.508318 | F14: 1568 | G14: 14.491682 | H14: 77.017134 | I14: 85.508318 | J14: 83.113451 | K14: 52.337082 | L14: 85.508318 | M14: 85.508318 | N14: 50.796296 | O14: 85.508318 | P14: 79.809557 | Q14: 85.542169 | R14: 276 | S14: 14.457831 | T14: 76.22458 | U14: 85.542169 | V14: 82.938651 | W14: 52.570748 | X14: 85.542169 | Y14: 85.542169 | Z14: 51.263181 | AA14: 85.542169 | AB14: 79.975313 | AC14: 7242.5498 | AD14: 31.924454 | AE14: 830085 | AF14: 828944 | AG14: Kernel function: Gaussian; Kernel scale: 4.2; Box constraint level: 1; Multiclass coding: One-vs-One; Standardize data: Yes | AH14: 18/18 | AI14: None | AJ14: Disabled | AK14: Default | AL14: Not applicable
A15: 0 | B15: 2.14 | C15: Tested | D15: SVM | E15: 85.101664 | F15: 1612 | G15: 14.898336 | H15: NaN | I15: 85.101664 | J15: NaN | K15: 50 | L15: 85.101664 | M15: 85.101664 | N15: 45.975634 | O15: 85.101664 | P15: 78.252059 | Q15: 85.123101 | R15: 284 | S15: 14.876899 | T15: NaN | U15: 85.123101 | V15: NaN | W15: 50 | X15: 85.123101 | Y15: 85.123101 | Z15: 45.98189 | AA15: 85.123101 | AB15: 78.282422 | AC15: 7871.6098 | AD15: 34.127937 | AE15: 689349 | AF15: 688208 | AG15: Kernel function: Gaussian; Kernel scale: 17; Box constraint level: 1; Multiclass coding: One-vs-One; Standardize data: Yes | AH15: 18/18 | AI15: None | AJ15: Disabled | AK15: Default | AL15: Not applicable
A16: 0 | B16: 2.15 | C16: Tested | D16: Ensemble | E16: 86.312384 | F16: 1481 | G16: 13.687616 | H16: 75.593553 | I16: 86.312384 | J16: 83.839476 | K16: 58.438705 | L16: 86.312384 | M16: 86.312384 | N16: 60.697657 | O16: 86.312384 | P16: 82.972353 | Q16: 86.694605 | R16: 254 | S16: 13.305395 | T16: 76.71763 | U16: 86.694605 | V16: 84.509781 | W16: 60.076165 | X16: 86.694605 | Y16: 86.694605 | Z16: 62.884939 | AA16: 86.694605 | AB16: 83.767059 | AC16: 21927.958 | AD16: 21.029221 | AE16: 359622 | AF16: 174199 | AG16: Ensemble method: AdaBoost; Learner type: Decision tree; Maximum number of splits: 20; Number of learners: 30; Learning rate: 0.1; Number of predictors to sample: Select All | AH16: 18/18 | AI16: None | AJ16: Disabled | AK16: Default | AL16: Not applicable
A17: 0 | B17: 2.16 | C17: Tested | D17: Ensemble | E17: 85.90573 | F17: 1525 | G17: 14.09427 | H17: 72.448958 | I17: 85.90573 | J17: 83.059052 | K17: 59.1721 | L17: 85.90573 | M17: 85.90573 | N17: 61.496167 | O17: 85.90573 | P17: 83.018517 | Q17: 86.17077 | R17: 264 | S17: 13.82923 | T17: 74.065705 | U17: 86.17077 | V17: 83.497949 | W17: 58.89675 | X17: 86.17077 | Y17: 86.17077 | Z17: 61.242156 | AA17: 86.17077 | AB17: 83.077082 | AC17: 14408.378 | AD17: 44.12503 | AE17: 5979810 | AF17: 4368531 | AG17: Ensemble method: Bag; Learner type: Decision tree; Maximum number of splits: 10819; Number of learners: 30; Number of predictors to sample: Select All | AH17: 18/18 | AI17: None | AJ17: Disabled | AK17: Default | AL17: Not applicable
A18: 0 | B18: 2.17 | C18: Tested | D18: Ensemble | E18: 71.377079 | F18: 3097 | G18: 28.622921 | H18: 63.371818 | I18: 71.377079 | J18: 85.645798 | K18: 74.688115 | L18: 71.377079 | M18: 71.377079 | N18: 62.938415 | O18: 71.377079 | P18: 75.353696 | Q18: 72.760608 | R18: 520 | S18: 27.239392 | T18: 64.359004 | U18: 72.760608 | V18: 86.321091 | W18: 76.299783 | X18: 72.760608 | Y18: 72.760608 | Z18: 64.35558 | AA18: 72.760608 | AB18: 76.51431 | AC18: 17561.314 | AD18: 18.297161 | AE18: 335658 | AF18: 141739 | AG18: Ensemble method: RUSBoost; Learner type: Decision tree; Maximum number of splits: 20; Number of learners: 30; Learning rate: 0.1; Number of predictors to sample: Select All | AH18: 18/18 | AI18: None | AJ18: Disabled | AK18: Default | AL18: Not applicable
A19: 0 | B19: 2.18 | C19: Tested | D19: Neural Network | E19: 85.203327 | F19: 1601 | G19: 14.796673 | H19: 69.131056 | I19: 85.203327 | J19: 81.973994 | K19: 58.605892 | L19: 85.203327 | M19: 85.203327 | N19: 60.587675 | O19: 85.203327 | P19: 82.454181 | Q19: 85.227868 | R19: 282 | S19: 14.772132 | T19: 69.130346 | U19: 85.227868 | V19: 81.94149 | W19: 58.342904 | X19: 85.227868 | Y19: 85.227868 | Z19: 60.273542 | AA19: 85.227868 | AB19: 82.391025 | AC19: 56043.882 | AD19: 40.127955 | AE19: 10530 | AF19: 8924 | AG19: Number of fully connected layers: 1; First layer size: 10; Activation: ReLU; Iteration limit: 1000; Regularization strength (Lambda): 0; Standardize data: Yes | AH19: 18/18 | AI19: None | AJ19: Disabled | AK19: Default | AL19: Not applicable
A20: 0 | B20: 2.19 | C20: Tested | D20: Neural Network | E20: 82.948244 | F20: 1845 | G20: 17.051756 | H20: 63.064858 | I20: 82.948244 | J20: 80.263013 | K20: 58.790608 | L20: 82.948244 | M20: 82.948244 | N20: 60.084322 | O20: 82.948244 | P20: 81.292571 | Q20: 84.180199 | R20: 302 | S20: 15.819801 | T20: 66.041105 | U20: 84.180199 | V20: 81.310738 | W20: 59.616251 | X20: 84.180199 | Y20: 84.180199 | Z20: 61.364355 | AA20: 84.180199 | AB20: 82.220556 | AC20: 251668.88 | AD20: 57.323015 | AE20: 13530 | AF20: 11924 | AG20: Number of fully connected layers: 1; First layer size: 25; Activation: ReLU; Iteration limit: 1000; Regularization strength (Lambda): 0; Standardize data: Yes | AH20: 18/18 | AI20: None | AJ20: Disabled | AK20: Default | AL20: Not applicable
A21: 0 | B21: 2.2 | C21: Tested | D21: Tree | E21: 85.471349 | F21: 1572 | G21: 14.528651 | H21: 70.857503 | I21: 85.471349 | J21: 81.918362 | K21: 55.744061 | L21: 85.471349 | M21: 85.471349 | N21: 56.775591 | O21: 85.471349 | P21: 81.500294 | Q21: 85.908853 | R21: 269 | S21: 14.091147 | T21: 74.883483 | U21: 85.908853 | V21: 83.120263 | W21: 55.691874 | X21: 85.908853 | Y21: 85.908853 | Z21: 56.688908 | AA21: 85.908853 | AB21: 81.678669 | AC21: 570916 | AD21: 2.816893 | AE21: 10625 | AF21: 7016 | AG21: Maximum number of splits: 20; Split criterion: Gini's diversity index; Surrogate decision splits: Off | AH21: 18/18 | AI21: None | AJ21: Disabled | AK21: Default | AL21: Not applicable
A22: 0 | B22: 2.2 | C22: Tested | D22: Neural Network | E22: 78.243993 | F22: 2354 | G22: 21.756007 | H22: 59.030142 | I22: 78.243993 | J22: 79.494024 | K22: 60.069502 | L22: 78.243993 | M22: 78.243993 | N22: 59.470564 | O22: 78.243993 | P22: 78.835442 | Q22: 77.160817 | R22: 436 | S22: 22.839183 | T22: 58.209567 | U22: 77.160817 | V22: 79.229936 | W22: 59.706501 | X22: 77.160817 | Y22: 77.160817 | Z22: 58.768408 | AA22: 77.160817 | AB22: 78.112895 | AC22: 222382.08 | AD22: 95.759724 | AE22: 28530 | AF22: 26924 | AG22: Number of fully connected layers: 1; First layer size: 100; Activation: ReLU; Iteration limit: 1000; Regularization strength (Lambda): 0; Standardize data: Yes | AH22: 18/18 | AI22: None | AJ22: Disabled | AK22: Default | AL22: Not applicable
A23: 0 | B23: 2.21 | C23: Tested | D23: Neural Network | E23: 84.454713 | F23: 1682 | G23: 15.545287 | H23: 66.48695 | I23: 84.454713 | J23: 81.219585 | K23: 58.677803 | L23: 84.454713 | M23: 84.454713 | N23: 60.442884 | O23: 84.454713 | P23: 82.079166 | Q23: 85.123101 | R23: 284 | S23: 14.876899 | T23: 68.80258 | U23: 85.123101 | V23: 82.010678 | W23: 59.153088 | X23: 85.123101 | Y23: 85.123101 | Z23: 61.199187 | AA23: 85.123101 | AB23: 82.601434 | AC23: 229753.26 | AD23: 54.462151 | AE23: 12302 | AF23: 10172 | AG23: Number of fully connected layers: 2; First layer size: 10; Second layer size: 10; Activation: ReLU; Iteration limit: 1000; Regularization strength (Lambda): 0; Standardize data: Yes | AH23: 18/18 | AI23: None | AJ23: Disabled | AK23: Default | AL23: Not applicable
A24: 0 | B24: 2.22 | C24: Tested | D24: Neural Network | E24: 84.306839 | F24: 1698 | G24: 15.693161 | H24: 66.060468 | I24: 84.306839 | J24: 81.099469 | K24: 58.693271 | L24: 84.306839 | M24: 84.306839 | N24: 60.414262 | O24: 84.306839 | P24: 82.004557 | Q24: 85.489785 | R24: 277 | S24: 14.510215 | T24: 70.372054 | U24: 85.489785 | V24: 82.248374 | W24: 58.060888 | X24: 85.489785 | Y24: 85.489785 | Z24: 59.991602 | AA24: 85.489785 | AB24: 82.427995 | AC24: 232713.19 | AD24: 69.776714 | AE24: 14074 | AF24: 11420 | AG24: Number of fully connected layers: 3; First layer size: 10; Second layer size: 10; Third layer size: 10; Activation: ReLU; Iteration limit: 1000; Regularization strength (Lambda): 0; Standardize data: Yes | AH24: 18/18 | AI24: None | AJ24: Disabled | AK24: Default | AL24: Not applicable
A25: 0 | B25: 2.23 | C25: Tested | D25: Kernel | E25: 85.120148 | F25: 1610 | G25: 14.879852 | H25: 92.558698 | I25: 85.120148 | J25: 87.334657 | K25: 50.062035 | L25: 85.120148 | M25: 85.120148 | N25: 46.104141 | O25: 85.120148 | P25: 78.296797 | Q25: 85.175485 | R25: 283 | S25: 14.824515 | T25: 92.583857 | U25: 85.175485 | V25: 87.374299 | W25: 50.176056 | X25: 85.175485 | Y25: 85.175485 | Z25: 46.345782 | AA25: 85.175485 | AB25: 78.408979 | AC25: 57536.665 | AD25: 65.589531 | AE25: 19260 | AF25: 27190 | AG25: Learner: SVM; Number of expansion dimensions: Auto; Regularization strength (Lambda): Auto; Kernel scale: Auto; Multiclass coding: One-vs-One; Standardize data: Yes; Iteration limit: 1000 | AH25: 18/18 | AI25: None | AJ25: Disabled | AK25: Default | AL25: Not applicable
A26: 0 | B26: 2.24 | C26: Tested | D26: Kernel | E26: 85.443623 | F26: 1575 | G26: 14.556377 | H26: 71.592795 | I26: 85.443623 | J26: 81.813398 | K26: 54.039009 | L26: 85.443623 | M26: 85.443623 | N26: 54.015684 | O26: 85.443623 | P26: 80.70396 | Q26: 85.123101 | R26: 284 | S26: 14.876899 | T26: 68.053312 | U26: 85.123101 | V26: 80.735078 | W26: 53.777465 | X26: 85.123101 | Y26: 85.123101 | Z26: 53.659979 | AA26: 85.123101 | AB26: 80.482641 | AC26: 58314.066 | AD26: 51.361924 | AE26: 19294 | AF26: 27190 | AG26: Learner: Logistic Regression; Number of expansion dimensions: Auto; Regularization strength (Lambda): Auto; Kernel scale: Auto; Multiclass coding: One-vs-One; Standardize data: Yes; Iteration limit: 1000 | AH26: 18/18 | AI26: None | AJ26: Disabled | AK26: Default | AL26: Not applicable
A27: 0 | B27: 2.3 | C27: Tested | D27: Tree | E27: 85.221811 | F27: 1599 | G27: 14.778189 | H27: 75.9778 | I27: 85.221811 | J27: 82.514526 | K27: 50.735861 | L27: 85.221811 | M27: 85.221811 | N27: 47.575103 | O27: 85.221811 | P27: 78.76328 | Q27: 85.489785 | R27: 277 | S27: 14.510215 | T27: 92.718191 | U27: 85.489785 | V27: 87.602997 | W27: 51.232394 | X27: 85.489785 | Y27: 85.489785 | Z27: 48.478648 | AA27: 85.489785 | AB27: 79.153515 | AC27: 498250.14 | AD27: 0.897466 | AE27: 7481 | AF27: 6088 | AG27: Maximum number of splits: 4; Split criterion: Gini's diversity index; Surrogate decision splits: Off | AH27: 18/18 | AI27: None | AJ27: Disabled | AK27: Default | AL27: Not applicable
A28: 0 | B28: 2.4 | C28: Tested | D28: Binary GLM Logistic Regression | E28: 86.072089 | F28: 1507 | G28: 13.927911 | H28: 73.394451 | I28: 86.072089 | J28: 83.340675 | K28: 59.193079 | L28: 86.072089 | M28: 86.072089 | N28: 61.579383 | O28: 86.072089 | P28: 83.115046 | Q28: 86.537454 | R28: 257 | S28: 13.462546 | T28: 75.713209 | U28: 86.537454 | V28: 84.196735 | W28: 59.983857 | X28: 86.537454 | Y28: 86.537454 | Z28: 62.708184 | AA28: 86.537454 | AB28: 83.648585 | AC28: 190111.4 | AD28: 2.468748 | AE28: 3808698 | AF28: 12647 | AG28: None | AH28: 18/18 | AI28: None | AJ28: Disabled | AK28: Default | AL28: Not applicable
A29: 0 | B29: 2.5 | C29: Tested | D29: Efficient Logistic Regression | E29: 85.101664 | F29: 1612 | G29: 14.898336 | H29: NaN | I29: 85.101664 | J29: NaN | K29: 50 | L29: 85.101664 | M29: 85.101664 | N29: 45.975634 | O29: 85.101664 | P29: 78.252059 | Q29: 85.123101 | R29: 284 | S29: 14.876899 | T29: NaN | U29: 85.123101 | V29: NaN | W29: 50 | X29: 85.123101 | Y29: 85.123101 | Z29: 45.98189 | AA29: 85.123101 | AB29: 78.282422 | AC29: 486139.19 | AD29: 1.109941 | AE29: 13358 | AF29: 5998 | AG29: Learner: Logistic regression; Solver: Auto; Regularization: Auto; Regularization strength (Lambda): Auto; Relative coefficient tolerance (Beta tolerance): 0.0001; Multiclass coding: One-vs-One | AH29: 18/18 | AI29: None | AJ29: Disabled | AK29: Default | AL29: Not applicable
A30: 0 | B30: 2.6 | C30: Tested | D30: Efficient Linear SVM | E30: 85.101664 | F30: 1612 | G30: 14.898336 | H30: NaN | I30: 85.101664 | J30: NaN | K30: 50 | L30: 85.101664 | M30: 85.101664 | N30: 45.975634 | O30: 85.101664 | P30: 78.252059 | Q30: 85.123101 | R30: 284 | S30: 14.876899 | T30: NaN | U30: 85.123101 | V30: NaN | W30: 50 | X30: 85.123101 | Y30: 85.123101 | Z30: 45.98189 | AA30: 85.123101 | AB30: 78.282422 | AC30: 419347.34 | AD30: 0.816262 | AE30: 13316 | AF30: 5998 | AG30: Learner: SVM; Solver: Auto; Regularization: Auto; Regularization strength (Lambda): Auto; Relative coefficient tolerance (Beta tolerance): 0.0001; Multiclass coding: One-vs-One | AH30: 18/18 | AI30: None | AJ30: Disabled | AK30: Default | AL30: Not applicable
A31: 0 | B31: 2.7 | C31: Tested | D31: Naive Bayes | E31: 83.622921 | F31: 1772 | G31: 16.377079 | H31: 64.674766 | I31: 83.622921 | J31: 80.839432 | K31: 59.340527 | L31: 83.622921 | M31: 83.622921 | N31: 60.879251 | O31: 83.622921 | P31: 81.819968 | Q31: 83.918282 | R31: 307 | S31: 16.081718 | T31: 66.481673 | U31: 83.918282 | V31: 82.038887 | W31: 62.368147 | X31: 83.918282 | Y31: 83.918282 | Z31: 63.872267 | AA31: 83.918282 | AB31: 82.77642 | AC31: 272304.01 | AD31: 1.941245 | AE31: 13978 | AF31: 12885 | AG31: Distribution name for numeric predictors: Gaussian; Distribution name for categorical predictors: MVMN | AH31: 18/18 | AI31: None | AJ31: Disabled | AK31: Default | AL31: Not applicable
A32: 0 | B32: 2.8 | C32: Tested | D32: Naive Bayes | E32: 84.057301 | F32: 1725 | G32: 15.942699 | H32: 64.912361 | I32: 84.057301 | J32: 80.566286 | K32: 57.727866 | L32: 84.057301 | M32: 84.057301 | N32: 59.237271 | O32: 84.057301 | P32: 81.567361 | Q32: 84.337349 | R32: 299 | S32: 15.662651 | T32: 66.584367 | U32: 84.337349 | V32: 81.547754 | W32: 59.999133 | X32: 84.337349 | Y32: 84.337349 | Z32: 61.823192 | AA32: 84.337349 | AB32: 82.417657 | AC32: 755.6838 | AD32: 78.467673 | AE32: 5608634 | AF32: 2783317 | AG32: Distribution name for numeric predictors: Kernel; Distribution name for categorical predictors: MVMN; Kernel type: Gaussian; Support: Unbounded; Standardize data: Yes | AH32: 18/18 | AI32: None | AJ32: Disabled | AK32: Default | AL32: Not applicable
A33: 0 | B33: 2.9 | C33: Tested | D33: SVM | E33: 85.101664 | F33: 1612 | G33: 14.898336 | H33: NaN | I33: 85.101664 | J33: NaN | K33: 50 | L33: 85.101664 | M33: 85.101664 | N33: 45.975634 | O33: 85.101664 | P33: 78.252059 | Q33: 85.123101 | R33: 284 | S33: 14.876899 | T33: NaN | U33: 85.123101 | V33: NaN | W33: 50 | X33: 85.123101 | Y33: 85.123101 | Z33: 45.98189 | AA33: 85.123101 | AB33: 78.282422 | AC33: 13517.194 | AD33: 10.612705 | AE33: 643633 | AF33: 642320 | AG33: Kernel function: Linear; Kernel scale: Automatic; Box constraint level: 1; Multiclass coding: One-vs-One; Standardize data: Yes | AH33: 18/18 | AI33: None | AJ33: Disabled | AK33: Default | AL33: Not applicable

Sheet P5
A1: Session: untitled
A2: 0 | B2: 2.1 | C2: Tree | D2: Tested | E2: 84.500924 | F2: 1677 | G2: 84.389733 | H2: 298 | I2: Fine Tree | J2: 15.499076 | K2: 66.727622 | L2: 84.500924 | M2: 81.348155 | N2: 58.960826 | O2: 84.500924 | P2: 84.500924 | Q2: 60.775894 | R2: 84.500924 | S2: 82.191857 | T2: 15.610267 | U2: 66.578985 | V2: 84.389733 | W2: 81.460114 | X2: 59.594041 | Y2: 84.389733 | Z2: 84.389733 | AA2: 61.420011 | AB2: 84.389733 | AC2: 82.331346 | AD2: 446351.22 | AE2: 3.857539 | AF2: 33703 | AG2: 24990 | AH2: Maximum number of splits: 100; Split criterion: Gini's diversity index; Surrogate decision splits: Off | AI2: 20/20 | AJ2: None | AK2: Disabled | AL2: Default | AM2: Not applicable
A3: 0 | B3: 2.1 | C3: SVM | D3: Tested | E3: 85.600739 | F3: 1558 | G3: 85.385018 | H3: 279 | I3: Quadratic SVM | J3: 14.399261 | K3: 78.275167 | L3: 85.600739 | M3: 83.544584 | N3: 52.647256 | O3: 85.600739 | P3: 85.600739 | Q3: 51.36632 | R3: 85.600739 | S3: 80.011908 | T3: 14.614982 | U3: 79.092825 | V3: 85.385018 | W3: 83.564384 | X3: 51.316143 | Y3: 85.385018 | Z3: 85.385018 | AA3: 48.752171 | AB3: 85.385018 | AC3: 79.188756 | AD3: 12143.686 | AE3: 109.73318 | AF3: 699947 | AG3: 699042 | AH3: Kernel function: Quadratic; Kernel scale: Automatic; Box constraint level: 1; Multiclass coding: One-vs-One; Standardize data: Yes | AI3: 20/20 | AJ3: None | AK3: Disabled | AL3: Default | AM3: Not applicable
A4: 0 | B4: 2.11 | C4: SVM | D4: Tested | E4: 83.863216 | F4: 1746 | G4: 84.442116 | H4: 297 | I4: Cubic SVM | J4: 16.136784 | K4: 65.107277 | L4: 83.863216 | M4: 80.916211 | N4: 59.123486 | O4: 83.863216 | P4: 83.863216 | Q4: 60.737122 | R4: 83.863216 | S4: 81.891483 | T4: 15.557884 | U4: 66.52682 | V4: 84.442116 | W4: 81.329292 | X4: 59.043662 | Y4: 84.442116 | Z4: 84.442116 | AA4: 60.843243 | AB4: 84.442116 | AC4: 82.196879 | AD4: 18978.827 | AE4: 113.10888 | AF4: 744459 | AG4: 743554 | AH4: Kernel function: Cubic; Kernel scale: Automatic; Box constraint level: 1; Multiclass coding: One-vs-One; Standardize data: Yes | AI4: 20/20 | AJ4: None | AK4: Disabled | AL4: Default | AM4: Not applicable
A5: 0 | B5: 2.12 | C5: SVM | D5: Tested | E5: 85.101664 | F5: 1612 | G5: 85.123101 | H5: 284 | I5: Fine Gaussian SVM | J5: 14.898336 | K5: NaN | L5: 85.101664 | M5: NaN | N5: 50 | O5: 85.101664 | P5: 85.101664 | Q5: 45.975634 | R5: 85.101664 | S5: 78.252059 | T5: 14.876899 | U5: NaN | V5: 85.123101 | W5: NaN | X5: 50 | Y5: 85.123101 | Z5: 85.123101 | AA5: 45.98189 | AB5: 85.123101 | AC5: 78.282422 | AD5: 4109.3919 | AE5: 54.922067 | AF5: 2258279 | AG5: 2257378 | AH5: Kernel function: Gaussian; Kernel scale: 1.1; Box constraint level: 1; Multiclass coding: One-vs-One; Standardize data: Yes | AI5: 20/20 | AJ5: None | AK5: Disabled | AL5: Default | AM5: Not applicable
